time,vx,vy,wz
1702607353203721.0,0.0,0.0,-0.0
1702607353245254.0,0.0,0.0,-0.0
1702607353285722.0,0.0,0.0,-0.0
1702607353326174.0,0.0,0.0,-0.0
1702607353366625.0,0.0,0.0,-0.0
1702607353407195.0,0.0,0.0,-0.0
1702607353447685.0,0.0,0.0,-0.0
1702607353488157.0,0.0,0.0,-0.0
1702607353528617.0,0.0,0.0,-0.0
1702607353569808.0,0.0,0.0,-0.0
1702607353610392.0,0.0,0.0,-0.0
1702607353650884.0,0.0,0.0,-0.0
1702607353691345.0,0.0,0.0,-0.0
1702607353731810.0,0.0,0.0,-0.0
1702607353772273.0,0.0,0.0,-0.0
1702607353812847.0,0.0,0.0,-0.0
1702607353853329.0,0.0,0.0,-0.0
1702607353893791.0,0.0,0.0,-0.0
1702607353935040.0,0.0,0.0,-0.0
1702607353975509.0,0.0,0.0,-0.0
1702607354016087.0,0.0,0.0,-0.0
1702607354056579.0,0.0,0.0,-0.0
1702607354097053.0,0.0,0.0,-0.0
1702607354137518.0,0.0,0.0,-0.0
1702607354177980.0,0.0,0.0,-0.0
1702607354218562.0,0.0,0.0,-0.0
1702607354258209.0,0.0,0.0,-0.0
1702607354298685.0,0.0,0.0,-0.0
1702607354340236.0,0.0,0.0,-0.0
1702607354380698.0,0.0,0.0,-0.0
1702607354421276.0,0.0,0.0,-0.0
1702607354461759.0,0.0,0.0,-0.0
1702607354502224.0,0.0,0.0,-0.0
1702607354542666.0,0.0,0.0,-0.0
1702607354583133.0,0.0,0.0,-0.0
1702607354623726.0,0.0,0.0,-0.0
1702607354665373.0,0.0,0.0,-0.0
1702607354705837.0,0.0,0.0,-0.0
1702607354746306.0,0.0,0.0,-0.0
1702607354786767.0,0.0,0.0,-0.0
1702607354827341.0,0.0,0.0,-0.0
1702607354867833.0,0.0,0.0,-0.0
1702607354908299.0,0.0,0.0,-0.0
1702607354948755.0,0.0,0.0,-0.0
1702607354989207.0,0.0,0.0,-0.0
1702607355029791.0,0.0,0.0,-0.0
1702607355071410.0,0.0,0.0,-0.0
1702607355111866.0,0.0,0.0,-0.0
1702607355152321.0,0.0,0.0,-0.0
1702607355192778.0,0.0,0.0,-0.0
1702607355232548.0,0.0,0.0,-0.0
1702607355273090.0,0.0,0.0,-0.0
1702607355313553.0,0.0,0.0,-0.0
1702607355354012.0,0.0,0.0,-0.0
1702607355394468.0,0.0,0.0,-0.0
1702607355435048.0,0.0,0.0,-0.0
1702607355476144.0,0.0,0.0,-0.0
1702607355516608.0,0.0,0.0,-0.0
1702607355557065.0,0.0,0.0,-0.0
1702607355597523.0,0.0,0.0,-0.0
1702607355638086.0,0.0,0.0,-0.0
1702607355678618.0,0.0,0.0,-0.0
1702607355719103.0,0.0,0.0,-0.0
1702607355759564.0,0.0,0.0,-0.0
1702607355800028.0,0.0,0.0,-0.0
1702607355840612.0,0.0,0.0,-0.0
1702607355881181.0,0.0,0.0,-0.0
1702607355922922.0,0.0,0.0,-0.0
1702607355963384.0,0.0,0.0,-0.0
1702607356003873.0,0.10298673063516617,0.0,-0.03693268075585365
1702607356045380.0,0.0994461327791214,0.0,0.0240179356187582
1702607356086931.0,0.1338060051202774,0.0,0.023992501199245453
1702607356127428.0,0.1632901281118393,0.0,0.012308454141020775
1702607356167912.0,0.17062537372112274,0.0,-0.024624815210700035
1702607356208379.0,0.18006455898284912,0.0,0.012317600660026073
1702607356243740.0,0.20844750106334686,0.0,-0.014096226543188095
1702607356284348.0,0.18358822166919708,0.0,-0.036824509501457214
1702607356324850.0,0.1871885061264038,0.0,0.0
1702607356365323.0,0.18524126708507538,0.0,0.0
1702607356405799.0,0.18522752821445465,0.0,-0.024629654362797737
1702607356446271.0,0.179001584649086,0.0,-0.049264147877693176
1702607356487745.0,0.189910426735878,0.0,-0.012018527835607529
1702607356528230.0,0.18934784829616547,0.0,0.04924844950437546
1702607356568716.0,0.18102039396762848,0.0,0.0
1702607356609180.0,0.1832006424665451,0.0,0.024636972695589066
1702607356649645.0,0.18527789413928986,0.0,0.02463638223707676
1702607356690250.0,0.18152718245983124,0.0,0.012275702320039272
1702607356730754.0,0.18717925250530243,0.0,-0.024612659588456154
1702607356771226.0,0.18420512974262238,0.0,0.036948081105947495
1702607356811709.0,0.1799933910369873,0.0,-0.03693816810846329
1702607356853091.0,0.1862613409757614,0.0,-0.012045200914144516
1702607356893691.0,0.18362438678741455,0.0,-0.03683171048760414
1702607356934190.0,0.18408234417438507,0.0,-0.012307923287153244
1702607356974666.0,0.1810651421546936,0.0,-0.049259427934885025
1702607357015135.0,0.18317800760269165,0.0,0.0
1702607357055601.0,0.1842324584722519,0.0,0.036953747272491455
1702607357096199.0,0.18259595334529877,0.0,0.02455565333366394
1702607357136697.0,0.1840868890285492,0.0,0.061540793627500534
1702607357177181.0,0.1841505616903305,0.0,0.012312407605350018
1702607357217658.0,0.18522295355796814,0.0,0.02462906390428543
1702607357265496.0,0.15760251879692078,0.0,-0.010419652797281742
1702607357306083.0,0.1878342479467392,0.0,-0.03684339299798012
1702607357346588.0,0.1819753497838974,0.0,-0.012306034564971924
1702607357387077.0,0.1820472627878189,0.0,-0.03693262115120888
1702607357427548.0,0.19045408070087433,0.0,-0.01231630239635706
1702607357468022.0,0.1831553876399994,0.0,-0.02463095262646675
1702607357508618.0,0.17845484614372253,0.0,0.0
1702607357549120.0,0.1871885061264038,0.0,0.049227796494960785
1702607357589590.0,0.1883772760629654,0.0,0.036950089037418365
1702607357630849.0,0.181712344288826,0.0,0.024162160232663155
1702607357671321.0,0.18420512974262238,0.0,0.012316066771745682
1702607357711921.0,0.18258696794509888,0.0,0.0
1702607357752423.0,0.1871885061264038,0.0,0.0
1702607357792905.0,0.1810382902622223,0.0,-0.02462611347436905
1702607357833382.0,0.18730410933494568,0.0,0.0
1702607357873854.0,0.18420512974262238,0.0,-0.036948081105947495
1702607357914444.0,0.1826319396495819,0.0,-0.024560492485761642
1702607357954959.0,0.1840096414089203,0.0,-0.036909013986587524
1702607357995443.0,0.18311014771461487,0.0,-0.04924963042140007
1702607358036785.0,0.18338514864444733,0.0,0.0
1702607358077243.0,0.18114568293094635,0.0,-0.024640630930662155
1702607358117844.0,0.18361987173557281,0.0,-0.03683076426386833
1702607358158345.0,0.18511319160461426,0.0,0.0
1702607358198818.0,0.18107853829860687,0.0,0.0
1702607358239967.0,0.17912733554840088,0.0,0.012113419361412525
1702607358280442.0,0.18106959760189056,0.0,0.024630362167954445
1702607358321049.0,0.1804809868335724,0.0,0.049100447446107864
1702607358361546.0,0.18097123503684998,0.0,0.0
1702607358402789.0,0.17974033951759338,0.0,0.0
1702607358443266.0,0.18002007901668549,0.0,0.06157265976071358
1702607358483735.0,0.1790148764848709,0.0,0.024633903056383133
1702607358524334.0,0.18155401945114136,0.0,-0.012277591042220592
1702607358564843.0,0.1809176206588745,0.0,0.0
1702607358605314.0,0.1852504312992096,0.0,0.02463272400200367
1702607358645794.0,0.1820877343416214,0.0,-0.012313705869019032
1702607358686259.0,0.18735966086387634,0.0,0.0
1702607358726862.0,0.18672285974025726,0.0,0.0
1702607358767369.0,0.18404598534107208,0.0,0.012305444106459618
1702607358809064.0,0.1848631054162979,0.0,-0.011954794637858868
1702607358849536.0,0.1862865388393402,0.0,0.012316066771745682
1702607358890004.0,0.18734575808048248,0.0,-0.02463461086153984
1702607358930601.0,0.18156294524669647,0.0,-0.03683442622423172
1702607358971095.0,0.18930576741695404,0.0,0.0
1702607359011572.0,0.18210121989250183,0.0,0.012314531952142715
1702607359052045.0,0.18524126708507538,0.0,0.024631425738334656
1702607359092515.0,0.1852549910545349,0.0,0.0
1702607359133954.0,0.18498873710632324,0.0,0.0481145903468132
1702607359174463.0,0.18403688073158264,0.0,0.03691444545984268
1702607359214936.0,0.18524126708507538,0.0,0.0
1702607359253993.0,0.1930355429649353,0.0,-0.038286831229925156
1702607359294466.0,0.1862819641828537,0.0,-0.036947254091501236
1702607359335062.0,0.18571753799915314,0.0,-0.012278534471988678
1702607359375571.0,0.18195737898349762,0.0,-0.03691444545984268
1702607359416072.0,0.18615315854549408,0.0,0.012307332828640938
1702607359456535.0,0.1821642518043518,0.0,-0.012318781577050686
1702607359497002.0,0.18422791361808777,0.0,-0.012317600660026073
1702607359538495.0,0.18474797904491425,0.0,0.0
1702607359578996.0,0.18407323956489563,0.0,0.012307214550673962
1702607359619463.0,0.18214622139930725,0.0,-0.012317600660026073
1702607359659938.0,0.18315085768699646,0.0,0.0
1702607359700425.0,0.18101592361927032,0.0,0.024622926488518715
1702607359741022.0,0.17948795855045319,0.0,-0.012278180569410324
1702607359781531.0,0.18195737898349762,0.0,-0.03691444545984268
1702607359822005.0,0.18211473524570465,0.0,0.012315476313233376
1702607359862477.0,0.18108300864696503,0.0,0.024632014334201813
1702607359903847.0,0.18224291503429413,0.0,0.012048741802573204
1702607359944446.0,0.18362893164157867,0.0,0.012277472764253616
1702607359984943.0,0.18513146042823792,0.0,0.07385072112083435
1702607360025420.0,0.18418239057064056,0.0,0.036943595856428146
1702607360065898.0,0.1862589418888092,0.0,0.03694276884198189
1702607360106369.0,0.1862911581993103,0.0,0.036949142813682556
1702607360146974.0,0.18671366572380066,0.0,0.024551404640078545
1702607360187466.0,0.18515436351299286,0.0,-0.024619976058602333
1702607360227948.0,0.1862405240535736,0.0,0.012312998063862324
1702607360269430.0,0.18276624381542206,0.0,-0.024032333865761757
1702607360310806.0,0.18730632960796356,0.0,-0.02409394271671772
1702607360351391.0,0.1899191290140152,0.0,-0.012281721457839012
1702607360391885.0,0.1882656365633011,0.0,-0.03692801669239998
1702607360432359.0,0.18835866451263428,0.0,0.036946311593055725
1702607360472825.0,0.1883958876132965,0.0,0.012317837215960026
1702607360513290.0,0.18840055167675018,0.0,0.08622733503580093
1702607360553900.0,0.18669068813323975,0.0,0.0981936976313591
1702607360594403.0,0.1892637014389038,0.0,0.04922661557793617
1702607360634873.0,0.1852549910545349,0.0,-0.024633312597870827
1702607360675340.0,0.19047291576862335,0.0,-0.03695268556475639
1702607360715817.0,0.18522295355796814,0.0,-0.02462906390428543
1702607360757159.0,0.18542276322841644,0.0,-0.048227421939373016
1702607360797665.0,0.18613018095493317,0.0,-0.06152863800525665
1702607360838139.0,0.18419604003429413,0.0,-0.036946311593055725
1702607360878613.0,0.18731799721717834,0.0,-0.02463083527982235
1702607360919078.0,0.18423700332641602,0.0,-0.01231819111853838
1702607360959678.0,0.18777409195899963,0.0,0.012277236208319664
1702607361000179.0,0.1871931403875351,0.0,0.0492289774119854
1702607361040651.0,0.1852458417415619,0.0,0.049264147877693176
1702607361081119.0,0.18526415526866913,0.0,0.02463449351489544
1702607361121585.0,0.1842324584722519,0.0,0.036953747272491455
1702607361162855.0,0.18472568690776825,0.0,0.06038958579301834
1702607361203345.0,0.18412324786186218,0.0,0.012310637161135674
1702607361238888.0,0.20975017547607422,0.0,0.014024113304913044
1702607361279356.0,0.17277443408966064,0.0,0.07390371710062027
1702607361319823.0,0.15612533688545227,0.0,0.02463514357805252
1702607361360439.0,0.13792330026626587,0.0,0.06136198714375496
1702607361400947.0,0.12165450304746628,0.0,0.012305090203881264
1702607361442513.0,0.10437154769897461,0.0,0.035975679755210876
1702607361482981.0,0.09367287904024124,0.0,0.09853821247816086
1702607361523449.0,0.07285668700933456,0.0,0.0739036574959755
1702607361564041.0,0.016602085903286934,0.0,-0.024559296667575836
1702607361604565.0,0.01766931638121605,0.0,0.43050891160964966
1702607361645035.0,0.012489099986851215,0.0,0.5419333577156067
1702607361685619.0,-0.005189174320548773,0.0,0.6509497761726379
1702607361726095.0,-0.002081208396703005,0.0,0.7142608165740967
1702607361766686.0,0.0010376558639109135,0.0,0.7245171666145325
1702607361807171.0,0.0,0.0,0.7141020894050598
1702607361847640.0,0.002081567421555519,0.0,0.7390182614326477
1702607361889184.0,-0.0010138526558876038,0.0,0.7798866629600525
1702607361929655.0,0.0010407326044514775,0.0,0.751298189163208
1702607361970269.0,0.0,0.0,0.736379861831665
1702607362010793.0,0.0010393712436780334,0.0,0.7503155469894409
1702607362051266.0,0.002081362996250391,0.0,0.7635767459869385
1702607362091728.0,-0.001040964387357235,0.0,0.726827085018158
1702607362132186.0,-0.0010410691611468792,0.0,0.7268989682197571
1702607362173695.0,0.0010147078428417444,0.0,0.7084939479827881
1702607362214188.0,0.0,0.0,0.7631996870040894
1702607362256780.0,-0.0009889050852507353,0.0,0.6904789209365845
1702607362297247.0,0.0010408348171040416,0.0,0.7267372608184814
1702607362337728.0,0.0,0.0,0.7387992143630981
1702607362378307.0,0.0,0.0,0.7615821957588196
1702607362418809.0,-0.0020798719488084316,0.0,0.7630301117897034
1702607362459268.0,0.0,0.0,0.739201009273529
1702607362499734.0,0.0,0.0,0.7390730977058411
1702607362540212.0,-0.002081106184050441,0.0,0.7881109714508057
1702607362581910.0,-0.001010107807815075,0.0,0.7530984878540039
1702607362622487.0,-0.0020760272163897753,0.0,0.7616196870803833
1702607362662970.0,-0.0010404258500784636,0.0,0.7510755062103271
1702607362703446.0,-0.0010406029177829623,0.0,0.7758350372314453
1702607362784301.0,0.0,0.0,0.7898867130279541
1702607362824900.0,0.0,0.0,0.7857620716094971
1702607362865401.0,-0.0010399621678516269,0.0,0.7999706268310547
1702607362907002.0,-0.0020249253138899803,0.0,0.8147635459899902
1702607362947471.0,-0.0010407848749309778,0.0,0.7759692072868347
1702607362987941.0,-0.0010407575173303485,0.0,0.7759500741958618
1702607363028533.0,-0.0010376309510320425,0.0,0.7981772422790527
1702607363069017.0,-0.0010403984924778342,0.0,0.8249313831329346
1702607363109481.0,0.0,0.0,0.7637466788291931
1702607363149947.0,0.0010408597299829125,0.0,0.7513909935951233
1702607363190421.0,0.0,0.0,0.7881888151168823
1702607363231011.0,-0.0010376807767897844,0.0,0.7982165217399597
1702607363273799.0,0.0,0.0,0.722264289855957
1702607363315153.0,-0.001018510083667934,0.0,0.7834697365760803
1702607363355621.0,-0.0041632396169006824,0.0,0.7883056998252869
1702607363396079.0,-0.002082135761156678,0.0,0.7392193078994751
1702607363436670.0,-0.0031129675917327404,0.0,0.7245171666145325
1702607363477176.0,-0.0031194998882710934,0.0,0.7506489753723145
1702607363517666.0,-0.0031207341235131025,0.0,0.7509455680847168
1702607363558124.0,-0.00832853838801384,0.0,0.7638599276542664
1702607363598581.0,-0.006246556993573904,0.0,0.7638788223266602
1702607363639174.0,-0.008300838060677052,0.0,0.7367608547210693
1702607363680506.0,-0.007133370731025934,0.0,0.7115280628204346
1702607363720982.0,0.08116712421178818,0.0,0.14777810871601105
1702607363761448.0,0.09888182580471039,0.0,0.06158941984176636
1702607363801923.0,0.13944441080093384,0.0,-0.0985211580991745
1702607363842519.0,0.1556292325258255,0.0,-0.1473412960767746
1702607363883014.0,0.16641853749752045,0.0,-0.17232690751552582
1702607363923493.0,0.1748085469007492,0.0,-0.19702289998531342
1702607363963961.0,0.17901930212974548,0.0,-0.147807314991951
1702607364004422.0,0.1790502667427063,0.0,-0.12319406867027283
1702607364045012.0,0.18055659532546997,0.0,-0.07368147373199463
1702607364086417.0,0.18412339687347412,0.0,0.01203859131783247
1702607364126890.0,0.18003787100315094,0.0,0.036947254091501236
1702607364167370.0,0.178966224193573,0.0,0.02462717704474926
1702607364207837.0,0.18214622139930725,0.0,0.08622296899557114
1702607364245502.0,0.19346004724502563,0.0,0.06616958975791931
1702607364286005.0,0.18094442784786224,0.0,0.02461325004696846
1702607364326486.0,0.17896179854869843,0.0,0.024626703932881355
1702607364366953.0,0.18526872992515564,0.0,0.024635201320052147
1702607364407438.0,0.17790375649929047,0.0,-0.012312053702771664
1702607364448816.0,0.18424350023269653,0.0,0.012046380899846554
1702607364489311.0,0.18202027678489685,0.0,-0.012308984994888306
1702607364529778.0,0.19047291576862335,0.0,-0.012317600660026073
1702607364570243.0,0.1863187849521637,0.0,-0.036954574286937714
1702607364610709.0,0.1904776245355606,0.0,-0.012317837215960026
1702607364651319.0,0.1887650340795517,0.0,-0.049096908420324326
1702607364691823.0,0.18613938987255096,0.0,0.03691904619336128
1702607364732309.0,0.18518179655075073,0.0,0.0
1702607364772781.0,0.1914900839328766,0.0,0.0
1702607364813247.0,0.1883958876132965,0.0,-0.012317837215960026
1702607364853839.0,0.18884874880313873,0.0,0.0
1702607364895217.0,0.18933311104774475,0.0,0.0
1702607364935699.0,0.18936187028884888,0.0,0.024625996127724648
1702607364976175.0,0.18730874359607697,0.0,0.0
1702607365016632.0,0.19051998853683472,0.0,0.012320669367909431
1702607365057224.0,0.18781110644340515,0.0,0.01227971538901329
1702607365097727.0,0.1913435161113739,0.0,0.0
1702607365138195.0,0.18838658928871155,0.0,-0.036951858550310135
1702607365178665.0,0.1883772760629654,0.0,-0.01231677457690239
1702607365220091.0,0.1880970150232315,0.0,-0.012032453902065754
1702607365263740.0,0.17272765934467316,0.0,-0.011419672518968582
1702607365304244.0,0.18717925250530243,0.0,0.024612659588456154
1702607365344716.0,0.18420512974262238,0.0,0.012316066771745682
1702607365385186.0,0.1883772760629654,0.0,0.036950089037418365
1702607365425645.0,0.18426433205604553,0.0,0.0123200798407197
1702607365466258.0,0.18667688965797424,0.0,-0.024546565487980843
1702607365506757.0,0.1872023642063141,0.0,-0.024615610018372536
1702607365547249.0,0.18827493488788605,0.0,-0.03693002462387085
1702607365587727.0,0.18417784571647644,0.0,-0.012314296327531338
1702607365629090.0,0.18431033194065094,0.0,-0.012050866149365902
1702607365669680.0,0.18782036006450653,0.0,0.012280304916203022
1702607365710184.0,0.18405960500240326,0.0,-0.012306388467550278
1702607365750658.0,0.1862773448228836,0.0,-0.0123153580352664
1702607365791126.0,0.18526415526866913,0.0,0.02463449351489544
1702607365831589.0,0.18840986490249634,0.0,0.036956463009119034
1702607365872185.0,0.18364249169826508,0.0,0.012278417125344276
1702607365912691.0,0.19028952717781067,0.0,0.03691716119647026
1702607365953162.0,0.1883726269006729,0.0,0.036949027329683304
1702607365993624.0,0.18945547938346863,0.0,0.0
1702607366034090.0,0.1904776245355606,0.0,-0.012317837215960026
1702607366074683.0,0.18780647218227386,0.0,0.012279361486434937
1702607366115184.0,0.191352978348732,0.0,0.0
1702607366155651.0,0.19151374697685242,0.0,-0.04927028715610504
1702607366196124.0,0.1935667097568512,0.0,-0.024631543084979057
1702607366235704.0,0.19793395698070526,0.0,-0.02518720179796219
1702607366276310.0,0.19189545512199402,0.0,0.012275466695427895
1702607366316806.0,0.19033652544021606,0.0,-0.012308749370276928
1702607366357288.0,0.1904023438692093,0.0,0.0369391106069088
1702607366397763.0,0.1925165355205536,0.0,0.012315122410655022
1702607366438238.0,0.1904352605342865,0.0,0.03694548457860947
1702607366478844.0,0.1908581703901291,0.0,0.0
1702607366520414.0,0.18947185575962067,0.0,-0.011990792118012905
1702607366560894.0,0.1904117316007614,0.0,0.012313705869019032
1702607366601368.0,0.19043995440006256,0.0,-0.012315476313233376
1702607366641844.0,0.18938995897769928,0.0,-0.024629773572087288
1702607366682437.0,0.18884406983852386,0.0,-0.024558722972869873
1702607366722926.0,0.19140970706939697,0.0,0.0
1702607366763408.0,0.1862405240535736,0.0,-0.061564989387989044
1702607366804872.0,0.19198785722255707,0.0,-0.012021359987556934
1702607366845346.0,0.18939931690692902,0.0,-0.02463095262646675
1702607366885949.0,0.19087226688861847,0.0,0.02455270290374756
1702607366926444.0,0.18514062464237213,0.0,-0.024618206545710564
1702607366966929.0,0.18518635630607605,0.0,0.0
1702607367007388.0,0.18946954607963562,0.0,0.02464004047214985
1702607367047866.0,0.1862589418888092,0.0,0.012314178049564362
1702607367088470.0,0.18775559961795807,0.0,0.01227593794465065
1702607367128974.0,0.18613938987255096,0.0,0.012306270189583302
1702607367169462.0,0.18829351663589478,0.0,0.03693356364965439
1702607367210780.0,0.18553046882152557,0.0,0.024127697572112083
1702607367248432.0,0.2047133445739746,0.0,0.039715513586997986
1702607367289033.0,0.19191908836364746,0.0,0.012277000583708286
1702607367329537.0,0.1923786848783493,0.0,0.03691893070936203
1702607367370008.0,0.19149480760097504,0.0,0.0
1702607367410483.0,0.19147588312625885,0.0,-0.024630362167954445
1702607367450954.0,0.19253553450107574,0.0,-0.012316420674324036
1702607367491550.0,0.19090518355369568,0.0,0.0
1702607367533229.0,0.1930186152458191,0.0,0.011959397234022617
1702607367573700.0,0.19149480760097504,0.0,0.0
1702607367614183.0,0.19351890683174133,0.0,0.0
1702607367654653.0,0.19045878946781158,0.0,0.012316656298935413
1702607367695259.0,0.19293272495269775,0.0,0.0
1702607367735755.0,0.19137661159038544,0.0,0.0
1702607367776250.0,0.19554176926612854,0.0,0.024618089199066162
1702607367816721.0,0.19045408070087433,0.0,0.01231630239635706
1702607367857186.0,0.19048233330249786,0.0,-0.01231819111853838
1702607367897780.0,0.19506490230560303,0.0,-0.024558013305068016
1702607367939510.0,0.18975473940372467,0.0,-0.04777904972434044
1702607367979980.0,0.19149956107139587,0.0,0.0
1702607368020451.0,0.1883726269006729,0.0,-0.036949027329683304
1702607368060924.0,0.18940399587154388,0.0,0.0
1702607368101518.0,0.18780185282230377,0.0,0.012279006652534008
1702607368142030.0,0.19026131927967072,0.0,0.012303910218179226
1702607368182512.0,0.18832142651081085,0.0,-0.012312998063862324
1702607368222982.0,0.19045878946781158,0.0,0.06158339977264404
1702607368266315.0,0.1807912290096283,0.0,0.023005876690149307
1702607368306930.0,0.18770475685596466,0.0,0.012272633612155914
1702607368347437.0,0.18508578836917877,0.0,-0.024610888212919235
1702607368387915.0,0.1914617270231247,0.0,0.024628475308418274
1702607368428396.0,0.18728560209274292,0.0,0.0
1702607368468867.0,0.1862911581993103,0.0,-0.01231630239635706
1702607368509461.0,0.18676427006721497,0.0,0.024558013305068016
1702607368549966.0,0.1913340836763382,0.0,0.024612069129943848
1702607368590431.0,0.18735966086387634,0.0,0.04927276447415352
1702607368630906.0,0.1883540004491806,0.0,0.03694548457860947
1702607368672332.0,0.19216395914554596,0.0,0.06016215309500694
1702607368712952.0,0.18975546956062317,0.0,0.06135585159063339
1702607368753443.0,0.19140022993087769,0.0,0.02462056651711464
1702607368793929.0,0.192464217543602,0.0,0.012311818078160286
1702607368834405.0,0.1935523897409439,0.0,0.024629654362797737
1702607368874865.0,0.19154687225818634,0.0,0.024639450013637543
1702607368915459.0,0.18053880333900452,0.0,0.0
1702607368955946.0,0.16229014098644257,0.0,0.0
1702607368997505.0,0.1439151018857956,0.0,0.0
1702607369037972.0,0.13739030063152313,0.0,0.02463514357805252
1702607369078455.0,0.11132539808750153,0.0,0.01231270283460617
1702607369119039.0,0.08614029735326767,0.0,0.06141034886240959
1702607369159533.0,0.07385005056858063,0.0,0.061546843498945236
1702607369200002.0,0.020815683528780937,0.0,0.0
1702607369239794.0,0.014818882569670677,0.0,0.45095497369766235
1702607369280261.0,0.013530862517654896,0.0,0.6774669885635376
1702607369320825.0,-0.007268425542861223,0.0,0.6758469939231873
1702607369361384.0,0.001038476126268506,0.0,0.7496680617332458
1702607369402792.0,0.0010171836474910378,0.0,0.8305987119674683
1702607369443265.0,0.0010406802175566554,0.0,0.8005240559577942
1702607369483734.0,0.002081567421555519,0.0,0.812920093536377
1702607369524291.0,0.0031155780889093876,0.0,0.8234465718269348
1702607369564873.0,0.0,0.0,0.8106566071510315
1702607369605361.0,-0.0010402962798252702,0.0,0.7756050825119019
1702607369645824.0,0.002081878948956728,0.0,0.7884030938148499
1702607369686286.0,-0.001040964387357235,0.0,0.8007416725158691
1702607369726762.0,-0.0010406029177829623,0.0,0.7758350372314453
1702607369768122.0,-0.003055088920518756,0.0,0.7833561897277832
1702607369808601.0,-0.004162109922617674,0.0,0.7634636163711548
1702607369849070.0,-0.0010407848749309778,0.0,0.7759692072868347
1702607369889533.0,-0.004163753241300583,0.0,0.7884030938148499
1702607369929980.0,-0.0041654035449028015,0.0,0.7887150049209595
1702607369970570.0,-0.0031130448915064335,0.0,0.7736560702323914
1702607370011072.0,-0.005199681036174297,0.0,0.799950897693634
1702607370051538.0,-0.008326888084411621,0.0,0.7883446216583252
1702607370091992.0,-0.003123509231954813,0.0,0.7516139149665833
1702607370132462.0,-0.005203792359679937,0.0,0.7513167262077332
1702607370173999.0,-0.007098163012415171,0.0,0.7800180912017822
1702607370214489.0,-0.007281712256371975,0.0,0.775566816329956
1702607370255775.0,-0.006121128331869841,0.0,0.7485405206680298
1702607370296243.0,-0.008326479233801365,0.0,0.7636711597442627
1702607370336712.0,-0.00832627434283495,0.0,0.7882862091064453
1702607370377309.0,-0.00830002035945654,0.0,0.7858008146286011
1702607370417811.0,-0.00831949058920145,0.0,0.7630301117897034
1702607370458284.0,-0.013528857380151749,0.0,0.7512610554695129
1702607370498748.0,-0.01249095518141985,0.0,0.7883836627006531
1702607370540206.0,-0.01015955489128828,0.0,0.7694813013076782
1702607370580790.0,-0.009340513497591019,0.0,0.7737703919410706
1702607370621280.0,-0.012482931837439537,0.0,0.7632561922073364
1702607370661754.0,-0.013528523035347462,0.0,0.7512425184249878
1702607370702205.0,-0.012494969181716442,0.0,0.7393471598625183
1702607370742677.0,-0.014569897204637527,0.0,0.7635956406593323
1702607370783260.0,-0.013492186553776264,0.0,0.7246600389480591
1702607370823759.0,-0.01144014485180378,0.0,0.7261630296707153
1702607370864232.0,-0.014569537714123726,0.0,0.714313805103302
1702607370904692.0,-0.014574218541383743,0.0,0.6652644276618958
1702607370945162.0,-0.012489099986851215,0.0,0.6651000380516052
1702607370986707.0,-0.013179768808186054,0.0,0.6838841438293457
1702607371027203.0,-0.013521173037588596,0.0,0.7262169122695923
1702607371067661.0,-0.015616007149219513,0.0,0.7022583484649658
1702607371108126.0,-0.013531533069908619,0.0,0.7021368145942688
1702607371148590.0,-0.01665460504591465,0.0,0.6898356676101685
1702607371189178.0,-0.016603723168373108,0.0,0.7122899293899536
1702607371229667.0,-0.015604051761329174,0.0,0.7017205953598022
1702607371272029.0,-0.014914128929376602,0.0,0.7177609205245972
1702607371313420.0,-0.018316805362701416,0.0,0.7225564122200012
1702607371353885.0,0.069739431142807,0.0,0.061590954661369324
1702607371394473.0,0.09443367272615433,0.0,0.08596602827310562
1702607371434975.0,0.13311181962490082,0.0,-0.024613838642835617
1702607371475451.0,0.15192821621894836,0.0,-0.04925936833024025
1702607371515925.0,0.16234226524829865,0.0,-0.12315452843904495
1702607371556392.0,0.17069703340530396,0.0,-0.09854062646627426
1702607371596983.0,0.17121323943138123,0.0,-0.11051961779594421
1702607371637486.0,0.1778246909379959,0.0,-0.08614636957645416
1702607371677966.0,0.1768852323293686,0.0,0.0
1702607371718433.0,0.17902371287345886,0.0,-0.024635201320052147
1702607371758907.0,0.17899276316165924,0.0,0.02463095262646675
1702607371800077.0,0.1790359765291214,0.0,0.08475085347890854
1702607371840595.0,0.1767193228006363,0.0,0.024604162201285362
1702607371881068.0,0.18107853829860687,0.0,0.024631543084979057
1702607371921530.0,0.18112777173519135,0.0,0.0
1702607371962001.0,0.17900602519512177,0.0,0.0
1702607372002593.0,0.18054769933223724,0.0,-0.02455931156873703
1702607372043084.0,0.1809980422258377,0.0,0.0
1702607372084565.0,0.17870905995368958,0.0,-0.024032924324274063
1702607372125041.0,0.1810651421546936,0.0,-0.024629654362797737
1702607372165504.0,0.18320517241954803,0.0,0.0
1702607372206104.0,0.18258696794509888,0.0,-0.024554472416639328
1702607372246222.0,0.1826808899641037,0.0,0.0
1702607372286700.0,0.18313728272914886,0.0,0.0
1702607372327172.0,0.18316441774368286,0.0,0.049264147877693176
1702607372367643.0,0.18004676699638367,0.0,-0.012316420674324036
1702607372408236.0,0.18158085644245148,0.0,-0.012279361486434937
1702607372448741.0,0.18405506014823914,0.0,-0.012306034564971924
1702607372490160.0,0.17897658050060272,0.0,-0.0240689218044281
1702607372530632.0,0.1800422966480255,0.0,-0.036948081105947495
1702607372571102.0,0.18109196424484253,0.0,-0.024633312597870827
1702607372611701.0,0.17947910726070404,0.0,0.012277472764253616
1702607372652212.0,0.17986898124217987,0.0,-0.03691255673766136
1702607372692679.0,0.18110539019107819,0.0,-0.024635201320052147
1702607372733153.0,0.18107406795024872,0.0,0.0
1702607372773616.0,0.1769595444202423,0.0,-0.024637680500745773
1702607372815413.0,0.18138882517814636,0.0,0.0
1702607372855909.0,0.1788955181837082,0.0,0.024617498740553856
1702607372896399.0,0.17788177728652954,0.0,-0.012310637161135674
1702607372936881.0,0.17791692912578583,0.0,0.012312998063862324
1702607372977357.0,0.17690271139144897,0.0,0.024629773572087288
1702607373017937.0,0.17644932866096497,0.0,0.0
1702607373058450.0,0.17570148408412933,0.0,0.012303556315600872
1702607373098929.0,0.18209223449230194,0.0,0.036941707134246826
1702607373139396.0,0.1779828816652298,0.0,0.03695268556475639
1702607373179862.0,0.1800689846277237,0.0,0.012317837215960026
1702607373221361.0,0.17964649200439453,0.0,0.0120112095028162
1702607373259333.0,0.19411438703536987,0.0,0.013127011246979237
1702607373299817.0,0.17998896539211273,0.0,-0.012312407605350018
1702607373340293.0,0.18314632773399353,0.0,-0.049259308725595474
1702607373380761.0,0.18526415526866913,0.0,-0.02463449351489544
1702607373421374.0,0.179417222738266,0.0,0.01227322407066822
1702607373461893.0,0.1839914619922638,0.0,0.012301785871386528
1702607373502380.0,0.18205626308918,0.0,0.012311463244259357
1702607373542847.0,0.18422791361808777,0.0,0.012317600660026073
1702607373584141.0,0.18359830975532532,0.0,0.0
1702607373624746.0,0.18360178172588348,0.0,-0.012275702320039272
1702607373665255.0,0.18195737898349762,0.0,0.03691444545984268
1702607373705723.0,0.18006011843681335,0.0,-0.01231724675744772
1702607373746189.0,0.1821507215499878,0.0,0.012317954562604427
1702607373786669.0,0.1831282377243042,0.0,0.0
1702607373827273.0,0.1825689673423767,0.0,0.0
1702607373867778.0,0.18301521241664886,0.0,-0.024612069129943848
1702607373908259.0,0.18208321928977966,0.0,-0.012313351966440678
1702607373948723.0,0.18215973675251007,0.0,-0.012318426743149757
1702607373989189.0,0.18006901443004608,0.0,-0.036953628063201904
1702607374030496.0,0.18252086639404297,0.0,0.012067035771906376
1702607374071000.0,0.1809399574995041,0.0,0.0
1702607374111478.0,0.17897506058216095,0.0,0.0
1702607374151947.0,0.1800556629896164,0.0,-0.012316892854869366
1702607374192424.0,0.18210121989250183,0.0,0.012314531952142715
1702607374233027.0,0.17842407524585724,0.0,0.024552585557103157
1702607374276029.0,0.17238804697990417,0.0,-0.046365827322006226
1702607374316513.0,0.1789485514163971,0.0,0.0
1702607374357834.0,0.17940105497837067,0.0,-0.024126045405864716
1702607374398297.0,0.17800049483776093,0.0,-0.012318781577050686
1702607374438900.0,0.18049877882003784,0.0,-0.02455270290374756
1702607374479407.0,0.1830061674118042,0.0,0.024610888212919235
1702607374519887.0,0.1800067126750946,0.0,0.01231358852237463
1702607374560353.0,0.1821507215499878,0.0,0.036953628063201904
1702607374600824.0,0.18316897749900818,0.0,0.07389816641807556
1702607374641426.0,0.1815405935049057,0.0,0.012276646681129932
1702607374681930.0,0.1830197125673294,0.0,0.04922531917691231
1702607374722412.0,0.18311917781829834,0.0,0.0
1702607374763780.0,0.18632438778877258,0.0,0.012049331329762936
1702607374804251.0,0.18212822079658508,0.0,-0.036949142813682556
1702607374844851.0,0.1856992542743683,0.0,-0.03683171048760414
1702607374885336.0,0.18518635630607605,0.0,0.02462422475218773
1702607374925813.0,0.18418239057064056,0.0,-0.012314531952142715
1702607374966277.0,0.18736431002616882,0.0,-0.024636972695589066
1702607375006743.0,0.18527331948280334,0.0,-0.024635791778564453
1702607375047349.0,0.18774636089801788,0.0,0.012275466695427895
1702607375087844.0,0.18410049378871918,0.0,-0.012309103272855282
1702607375129112.0,0.18677590787410736,0.0,0.01207848358899355
1702607375169592.0,0.1852092295885086,0.0,0.02462717704474926
1702607375210070.0,0.1862589418888092,0.0,0.03694276884198189
1702607375250704.0,0.1845073103904724,0.0,0.0
1702607375291204.0,0.18511776626110077,0.0,0.02461513690650463
1702607375331689.0,0.1862267404794693,0.0,-0.01231217198073864
1702607375372161.0,0.18212372064590454,0.0,-0.012315948493778706
1702607375412645.0,0.186231330037117,0.0,-0.012312407605350018
1702607375453242.0,0.18363796174526215,0.0,-0.03683442622423172
1702607375493757.0,0.18297003209590912,0.0,-0.049211982637643814
1702607375535083.0,0.18243694305419922,0.0,-0.06030779704451561
1702607375575553.0,0.1862957626581192,0.0,-0.012316656298935413
1702607375616022.0,0.18525956571102142,0.0,0.024633903056383133
1702607375656649.0,0.18350234627723694,0.0,-0.01226897444576025
1702607375697167.0,0.18607507646083832,0.0,0.036906301975250244
1702607375737641.0,0.1831553876399994,0.0,0.02463095262646675
1702607375778116.0,0.18106959760189056,0.0,0.024630362167954445
1702607375818610.0,0.18098463118076324,0.0,0.0
1702607375860316.0,0.18279452621936798,0.0,0.059758275747299194
1702607375900819.0,0.179904505610466,0.0,-0.01230662502348423
1702607375941305.0,0.18102039396762848,0.0,0.024623636156320572
1702607375981778.0,0.18420058488845825,0.0,0.036947254091501236
1702607376022241.0,0.1821642518043518,0.0,0.061593905091285706
1702607376062828.0,0.184720978140831,0.0,0.024562381207942963
1702607376103334.0,0.18717001378536224,0.0,-0.02461136132478714
1702607376143828.0,0.1861853450536728,0.0,0.03692813590168953
1702607376184306.0,0.1862589418888092,0.0,-0.03694276884198189
1702607376224773.0,0.18526872992515564,0.0,0.0
1702607376263556.0,0.20308756828308105,0.0,0.012852368876338005
1702607376304065.0,0.18611641228199005,0.0,0.03691444545984268
1702607376344546.0,0.18728560209274292,0.0,-0.024626703932881355
1702607376385016.0,0.1873365044593811,0.0,0.0
1702607376425493.0,0.1862635314464569,0.0,-0.012314531952142715
1702607376466078.0,0.18576787412166595,0.0,-0.03684540092945099
1702607376506639.0,0.18380093574523926,0.0,-0.012289038859307766
1702607376547119.0,0.1862497180700302,0.0,-0.036940764635801315
1702607376587601.0,0.18415963649749756,0.0,0.012312998063862324
1702607376629182.0,0.18131813406944275,0.0,-0.011987486854195595
1702607376669737.0,0.18382814526557922,0.0,0.012290927581489086
1702607376710325.0,0.18367867171764374,0.0,0.03684256970882416
1702607376750828.0,0.17886459827423096,0.0,0.0
1702607376791313.0,0.17166151106357574,0.0,0.01231217198073864
1702607376831794.0,0.15190944075584412,0.0,0.02462664432823658
1702607376872261.0,0.13322694599628448,0.0,0.024635201320052147
1702607376912856.0,0.11309336125850677,0.0,0.061393678188323975
1702607376953355.0,0.09568121284246445,0.0,0.0492313951253891
1702607376993824.0,0.08326273411512375,0.0,0.02463393285870552
1702607377034292.0,0.06973426043987274,0.0,0.06158638000488281
1702607377074755.0,0.011450323276221752,0.0,-0.012318795546889305
1702607377116073.0,0.007135786581784487,0.0,0.494619220495224
1702607377156584.0,0.0020794107113033533,0.0,0.7628605365753174
1702607377197051.0,-0.013530862517654896,0.0,0.6281965970993042
1702607377239915.0,-0.012774204835295677,0.0,0.6628398299217224
1702607377281457.0,-0.012166818603873253,0.0,0.6719347238540649
1702607377322783.0,-0.015288012102246284,0.0,0.6633851528167725
1702607377363283.0,-0.013519836589694023,0.0,0.6522998213768005
1702607377404374.0,-0.01537544745951891,0.0,0.6914401054382324
1702607377444855.0,-0.0176880843937397,0.0,0.6772326231002808
1702607377485313.0,-0.014574938453733921,0.0,0.6652973294258118
1702607377525910.0,-0.019712550565600395,0.0,0.6752975583076477
1702607377567164.0,-0.018377631902694702,0.0,0.6766255497932434
1702607377607631.0,-0.018735039979219437,0.0,0.6651493310928345
1702607377648091.0,-0.019779298454523087,0.0,0.6283052563667297
1702607377688570.0,-0.01977001316845417,0.0,0.6526381969451904
1702607377729154.0,-0.018681028857827187,0.0,0.6632317900657654
1702607377769656.0,-0.017678914591670036,0.0,0.6522676348686218
1702607377810138.0,-0.019768547266721725,0.0,0.6525898575782776
1702607377850603.0,-0.020817741751670837,0.0,0.6405458450317383
1702607377891059.0,-0.01978125423192978,0.0,0.6283674836158752
1702607377932524.0,-0.020315686240792274,0.0,0.6491402387619019
1702607377973012.0,-0.02080591395497322,0.0,0.6648043394088745
1702607378013486.0,-0.01665048860013485,0.0,0.6896651983261108
1702607378053958.0,-0.019773432984948158,0.0,0.6281190514564514
1702607378094425.0,-0.023939218372106552,0.0,0.6035614609718323
1702607378135014.0,-0.02386726252734661,0.0,0.6017472743988037
1702607378175517.0,-0.023917943239212036,0.0,0.5537984371185303
1702607378215993.0,-0.021852688863873482,0.0,0.6034272909164429
1702607378258034.0,-0.02204107493162155,0.0,0.5928207039833069
1702607378298503.0,-0.019774898886680603,0.0,0.6527994871139526
1702607378340059.0,-0.016216957941651344,0.0,0.671708345413208
1702607378380555.0,-0.017681535333395004,0.0,0.6769818067550659
1702607378421031.0,-0.017690269276499748,0.0,0.701945960521698
1702607378461494.0,-0.01665501669049263,0.0,0.6652151346206665
1702607378501955.0,-0.01769682951271534,0.0,0.6775674223899841
1702607378542547.0,-0.018677346408367157,0.0,0.6876603960990906
1702607378583044.0,-0.015600968152284622,0.0,0.7015819549560547
1702607378623507.0,-0.01665501482784748,0.0,0.6898527145385742
1702607378663968.0,-0.014573859050869942,0.0,0.6898868083953857
1702607378705377.0,-0.018308844417333603,0.0,0.7222422957420349
1702607378745975.0,-0.014524678699672222,0.0,0.6875587701797485
1702607378786464.0,-0.014563781209290028,0.0,0.7140315175056458
1702607378826932.0,-0.015612147748470306,0.0,0.7513538002967834
1702607378867394.0,-0.01249157078564167,0.0,0.7391462326049805
1702607378907862.0,-0.009367289021611214,0.0,0.7513538002967834
1702607378948449.0,-0.01245309691876173,0.0,0.7614321112632751
1702607378988930.0,-0.013526184484362602,0.0,0.8003658652305603
1702607379029410.0,-0.010405014269053936,0.0,0.763444721698761
1702607379069873.0,-0.012491261586546898,0.0,0.7637655138969421
1702607379111480.0,-0.013160129077732563,0.0,0.754745602607727
1702607379152064.0,-0.013491855002939701,0.0,0.7737703919410706
1702607379192550.0,-0.010403471067547798,0.0,0.7633316516876221
1702607379233024.0,-0.012487867847084999,0.0,0.8128197193145752
1702607379272788.0,-0.011651605367660522,0.0,0.8147975206375122
1702607379313260.0,-0.011447776108980179,0.0,0.8005438446998596
1702607379353848.0,-0.011415059678256512,0.0,0.798255980014801
1702607379394338.0,-0.010402443818747997,0.0,0.7386350631713867
1702607379435856.0,0.08217348903417587,0.0,0.08404040336608887
1702607379476330.0,0.09782163053750992,0.0,-0.024630893021821976
1702607379516796.0,0.13323023915290833,0.0,-0.14781463146209717
1702607379557397.0,0.15353526175022125,0.0,-0.22098471224308014
1702607379597908.0,0.1632336974143982,0.0,-0.23377983272075653
1702607379638391.0,0.16958914697170258,0.0,-0.20931611955165863
1702607379678875.0,0.17270617187023163,0.0,-0.1231241375207901
1702607379719333.0,0.17385821044445038,0.0,-0.0862422063946724
1702607379759920.0,0.17434337735176086,0.0,0.0
1702607379800427.0,0.17676730453968048,0.0,0.04922166094183922
1702607379840904.0,0.17377659678459167,0.0,0.036943595856428146
1702607379882251.0,0.17623218894004822,0.0,0.06027710810303688
1702607379922723.0,0.179001584649086,0.0,0.049264147877693176
1702607379963310.0,0.17641888558864594,0.0,0.024562381207942963
1702607380003819.0,0.17675858736038208,0.0,0.0
1702607380044294.0,0.18106959760189056,0.0,0.0
1702607380084766.0,0.17796090245246887,0.0,0.012316066771745682
1702607380125243.0,0.17793890833854675,0.0,-0.036943595856428146
1702607380165836.0,0.18158085644245148,0.0,-0.012279361486434937
1702607380207129.0,0.17748264968395233,0.0,-0.04828478395938873
1702607380247461.0,0.18066729605197906,0.0,-0.08651165664196014
1702607380287927.0,0.1800689846277237,0.0,-0.012317837215960026
1702607380328394.0,0.17694203555583954,0.0,-0.024635083973407745
1702607380368994.0,0.1784372627735138,0.0,-0.024554472416639328
1702607380409508.0,0.17777639627456665,0.0,0.01230331975966692
1702607380449984.0,0.17794331908226013,0.0,0.012314886786043644
1702607380490454.0,0.17692893743515015,0.0,-0.024633312597870827
1702607380530923.0,0.1790148764848709,0.0,0.024633903056383133
1702607380571529.0,0.17737363278865814,0.0,0.012275466695427895
1702607380613089.0,0.17431554198265076,0.0,-0.023987365886569023
1702607380653564.0,0.17690707743167877,0.0,-0.024630244821310043
1702607380694036.0,0.17692019045352936,0.0,0.0
1702607380734509.0,0.1748344600200653,0.0,-0.024631543084979057
1702607380775115.0,0.17529907822608948,0.0,-0.012275348417460918
1702607380815627.0,0.17882487177848816,0.0,0.0
1702607380856109.0,0.17063377797603607,0.0,0.024625996127724648
1702607380896573.0,0.18111883103847504,0.0,0.0
1702607380938192.0,0.17508043348789215,0.0,0.035929884761571884
1702607380978787.0,0.17430903017520905,0.0,0.0
1702607381019288.0,0.17679351568222046,0.0,0.024614548310637474
1702607381059754.0,0.17902813851833344,0.0,0.049271583557128906
1702607381100217.0,0.1769595444202423,0.0,0.024637680500745773
1702607381140675.0,0.17906354367733002,0.0,0.024640630930662155
1702607381181299.0,0.18040548264980316,0.0,0.0
1702607381221817.0,0.1819169521331787,0.0,0.012302021495997906
1702607381262934.0,0.1751692295074463,0.0,-0.012122861109673977
1702607381303413.0,0.18209221959114075,0.0,0.012313942424952984
1702607381344880.0,0.1838480681180954,0.0,-0.01202053390443325
1702607381385487.0,0.1804809868335724,0.0,-0.024550223723053932
1702607381425982.0,0.18202027678489685,0.0,-0.03692718967795372
1702607381466451.0,0.18213722109794617,0.0,-0.012317011132836342
1702607381506921.0,0.18109196424484253,0.0,0.0
1702607381547407.0,0.17893970012664795,0.0,0.0
1702607381588005.0,0.18259595334529877,0.0,0.04911130666732788
1702607381628503.0,0.18096676468849182,0.0,0.024616317823529243
1702607381668990.0,0.1778949648141861,0.0,-0.012311581522226334
1702607381710338.0,0.18030256032943726,0.0,-0.012055114842951298
1702607381750802.0,0.18007792532444,0.0,0.012318545021116734
1702607381791398.0,0.17845484614372253,0.0,-0.024556834250688553
1702607381831904.0,0.17885135114192963,0.0,-0.02461147867143154
1702607381872368.0,0.18111883103847504,0.0,0.0
1702607381912848.0,0.1768852323293686,0.0,-0.02462729439139366
1702607381953309.0,0.1800912469625473,0.0,-0.0369582325220108
1702607381993923.0,0.18148694932460785,0.0,0.012273105792701244
1702607382034419.0,0.17681534588336945,0.0,0.0
1702607382074894.0,0.17794771492481232,0.0,-0.03694548457860947
1702607382115364.0,0.17588816583156586,0.0,0.012316656298935413
1702607382155844.0,0.1779257357120514,0.0,-0.01231358852237463
1702607382196837.0,0.17467162013053894,0.0,-0.024319015443325043
1702607382237339.0,0.1778290867805481,0.0,0.03692081943154335
1702607382274593.0,0.056530166417360306,0.0,-0.02675984427332878
1702607382316132.0,0.1348586231470108,0.0,0.011999703012406826
1702607382356598.0,0.16549694538116455,0.0,0.08622521162033081
1702607382398085.0,0.1522868424654007,0.0,0.04805900156497955
1702607382438768.0,0.15426109731197357,0.0,0.012252215296030045
1702607382479259.0,0.1695556342601776,0.0,0.03693079203367233
1702607382519741.0,0.17791692912578583,0.0,0.012312998063862324
1702607382560212.0,0.17692457139492035,0.0,0.0
1702607382600795.0,0.17954987287521362,0.0,-0.01228242926299572
1702607382641282.0,0.18101592361927032,0.0,-0.024622926488518715
1702607382681748.0,0.18319158256053925,0.0,0.0
1702607382722225.0,0.18106064200401306,0.0,-0.04925812780857086
1702607382762697.0,0.1800423264503479,0.0,-0.012316066771745682
1702607382804556.0,0.1811201423406601,0.0,0.023815995082259178
1702607382845044.0,0.18309204280376434,0.0,0.02462245523929596
1702607382885516.0,0.18108302354812622,0.0,0.0
1702607382925988.0,0.18420512974262238,0.0,0.012316066771745682
1702607382966453.0,0.18215523660182953,0.0,0.01231819111853838
1702607383007039.0,0.18057438731193542,0.0,0.0
1702607383047545.0,0.184050515294075,0.0,0.03691716119647026
1702607383089143.0,0.1822565495967865,0.0,0.023965414613485336
1702607383129618.0,0.18106959760189056,0.0,-0.024630362167954445
1702607383170091.0,0.18315991759300232,0.0,-0.024631543084979057
1702607383210693.0,0.18361534178256989,0.0,-0.012276646681129932
1702607383253540.0,0.16907958686351776,0.0,-0.02326676994562149
1702607383294012.0,0.17796090245246887,0.0,-0.036948200315237045
1702607383334473.0,0.1811322569847107,0.0,0.0
1702607383374948.0,0.17898835241794586,0.0,-0.024630362167954445
1702607383415529.0,0.17644497752189636,0.0,0.0
1702607383456036.0,0.17988675832748413,0.0,0.012305326759815216
1702607383497437.0,0.179054394364357,0.0,0.024079307913780212
1702607383537912.0,0.17794770002365112,0.0,-0.012315122410655022
1702607383578384.0,0.17796090245246887,0.0,0.012316066771745682
1702607383618983.0,0.1805165559053421,0.0,0.0
1702607383659494.0,0.17674987018108368,0.0,-0.024608410894870758
1702607383699972.0,0.17793451249599457,0.0,-0.012314178049564362
1702607383740443.0,0.18004676699638367,0.0,0.012316420674324036
1702607383821350.0,0.1812487244606018,0.0,0.0
1702607383862773.0,0.18099293112754822,0.0,0.024066679179668427
1702607383903274.0,0.17991340160369873,0.0,0.03692164272069931
1702607383943752.0,0.17897506058216095,0.0,0.04925695061683655
1702607383984238.0,0.18206074833869934,0.0,0.06155908852815628
1702607384024771.0,0.18081051111221313,0.0,0.024594955146312714
1702607384065351.0,0.1785251945257187,0.0,0.024566512554883957
1702607384105852.0,0.1830332726240158,0.0,0.0
1702607384146325.0,0.1862819641828537,0.0,0.012315712869167328
1702607384186803.0,0.18313728272914886,0.0,0.0
1702607384227273.0,0.18317347764968872,0.0,0.0
1702607384266248.0,0.19776438176631927,0.0,0.012789107859134674
1702607384306733.0,0.18518635630607605,0.0,-0.04924844950437546
1702607384347208.0,0.1821102350950241,0.0,-0.03694548457860947
1702607384387672.0,0.1863233894109726,0.0,-0.036955516785383224
1702607384428151.0,0.18521380424499512,0.0,0.024627884849905968
1702607384468751.0,0.1815495491027832,0.0,0.012277236208319664
1702607384509255.0,0.18405960500240326,0.0,0.03691893070936203
1702607384549729.0,0.18731799721717834,0.0,0.04926178604364395
1702607384590193.0,0.1832006424665451,0.0,0.024636972695589066
1702607384631607.0,0.18103227019309998,0.0,0.024071872234344482
1702607384672197.0,0.18159426748752594,0.0,-0.01228018756955862
1702607384712704.0,0.18092654645442963,0.0,0.04922166094183922
1702607384753176.0,0.17692019045352936,0.0,-0.04926426708698273
1702607384793652.0,0.18002450466156006,0.0,-0.012314768508076668
1702607384834123.0,0.18004676699638367,0.0,-0.036949027329683304
1702607384874737.0,0.17526453733444214,0.0,-0.036818962544202805
1702607384915248.0,0.1777895838022232,0.0,-0.012304145842790604
1702607384955728.0,0.178966224193573,0.0,0.02462717704474926
1702607384996209.0,0.17792131006717682,0.0,-0.012313351966440678
1702607385037556.0,0.17215745151042938,0.0,-0.01205535139888525
1702607385078145.0,0.15980687737464905,0.0,0.024561140686273575
1702607385118655.0,0.13828419148921967,0.0,0.03691349923610687
1702607385159126.0,0.12072499841451645,0.0,0.07389816641807556
1702607385199589.0,0.1009710356593132,0.0,0.03695640340447426
1702607385241963.0,0.08945943415164948,0.0,0.0705794170498848
1702607385282551.0,0.07160355895757675,0.0,0.06140429899096489
1702607385323039.0,0.05825655907392502,0.0,0.07386712729930878
1702607385364669.0,0.01011758204549551,0.0,0.023946935310959816
1702607385405128.0,0.0,0.0,-0.0
1702607385445596.0,0.0,0.0,-0.0
1702607385486200.0,0.0,0.0,-0.0
1702607385526686.0,0.0,0.0,-0.0
1702607385567164.0,0.0,0.0,-0.0
1702607385607624.0,0.0,0.0,-0.0
1702607385648077.0,0.0,0.0,-0.0
1702607385688664.0,0.0,0.0,-0.0
1702607385729156.0,0.0,0.0,-0.0
1702607385769620.0,0.0,0.0,-0.0
1702607385811182.0,0.0,0.0,-0.0
1702607385851650.0,0.0,0.0,-0.0
1702607385892246.0,0.0,0.0,-0.0
1702607385932740.0,0.0,0.0,-0.0
1702607385973209.0,0.0,0.0,-0.0
1702607386013668.0,0.0,0.0,-0.0
1702607386054127.0,0.0,0.0,-0.0
1702607386094712.0,0.0,0.0,-0.0
1702607386135974.0,0.0,0.0,-0.0
1702607386176440.0,0.0,0.0,-0.0
1702607386216911.0,0.0,0.0,-0.0
1702607386257887.0,0.0,0.0,-0.0
1702607386298498.0,0.0,0.0,-0.0
1702607386338968.0,0.0,0.0,-0.0
1702607386379423.0,0.0,0.0,-0.0
1702607386419885.0,0.0,0.0,-0.0
1702607386460353.0,0.0,0.0,-0.0
1702607386500935.0,0.0,0.0,-0.0
1702607386542591.0,0.0,0.0,-0.0
1702607386583065.0,0.0,0.0,-0.0
1702607386623535.0,0.0,0.0,-0.0
1702607386663992.0,0.0,0.0,-0.0
1702607386704595.0,0.0,0.0,-0.0
1702607386745085.0,0.0,0.0,-0.0
1702607386785562.0,0.0,0.0,-0.0
1702607386826022.0,0.0,0.0,-0.0
1702607386866488.0,0.0,0.0,-0.0
1702607386907990.0,0.0,0.0,-0.0
1702607386948490.0,0.0,0.0,-0.0
1702607386988955.0,0.0,0.0,-0.0
1702607387029420.0,0.0,0.0,-0.0
1702607387069882.0,0.0,0.0,-0.0
1702607387110475.0,0.0,0.0,-0.0
1702607387150963.0,0.0,0.0,-0.0
1702607387191433.0,0.0,0.0,-0.0
1702607387231896.0,0.0,0.0,-0.0
1702607387262974.0,0.0,0.0,-0.0
1702607387303557.0,0.0,0.0,-0.0
1702607387345116.0,0.0,0.0,-0.0
1702607387385581.0,0.0,0.0,-0.0
1702607387426041.0,0.0,0.0,-0.0
1702607387466508.0,0.0,0.0,-0.0
1702607387507102.0,0.0,0.0,-0.0
1702607387547588.0,0.0,0.0,-0.0
1702607387588061.0,0.0,0.0,-0.0
1702607387629611.0,0.0,0.0,-0.0
1702607387670299.0,0.0,0.0,-0.0
1702607387710880.0,0.0,0.0,-0.0
1702607387751361.0,0.0,0.0,-0.0
1702607387791835.0,0.0,0.0,-0.0
1702607387832299.0,0.0,0.0,-0.0
1702607387872759.0,0.0,0.0,-0.0
1702607387913345.0,0.0,0.0,-0.0
1702607387953832.0,0.0,0.0,-0.0
1702607387994301.0,0.0,0.0,-0.0
1702607388035593.0,0.0,0.0,-0.0
1702607388076045.0,0.0,0.0,-0.0
1702607388116639.0,0.0,0.0,-0.0
1702607388157133.0,0.0,0.0,-0.0
1702607388197600.0,0.0,0.0,-0.0
1702607388247326.0,0.0,0.0,-0.0
1702607388287786.0,0.0,0.0,-0.0
1702607388328372.0,0.0,0.0,-0.0
1702607388368861.0,0.0,0.0,-0.0
1702607388410156.0,0.0,0.0,-0.0
1702607388450610.0,0.0,0.0,-0.0
1702607388491067.0,0.0,0.0,-0.0
1702607388531650.0,0.0,0.0,-0.0
1702607388572132.0,0.0,0.0,-0.0
1702607388612602.0,0.0,0.0,-0.0
1702607388653067.0,0.0,0.0,-0.0
1702607388693529.0,0.0,0.0,-0.0
1702607388734121.0,0.0,0.0,-0.0
1702607388774594.0,0.0,0.0,-0.0
1702607388815055.0,0.0,0.0,-0.0
1702607388856575.0,0.0,0.0,-0.0
1702607388897042.0,0.0,0.0,-0.0
1702607388937626.0,0.0,0.0,-0.0
1702607388978134.0,0.0,0.0,-0.0
1702607389018593.0,0.0,0.0,-0.0
1702607389059057.0,0.0,0.0,-0.0
1702607389099519.0,0.0,0.0,-0.0
1702607389140096.0,0.0,0.0,-0.0
1702607389181403.0,0.0,0.0,-0.0
1702607389221877.0,0.0,0.0,-0.0
1702607389262694.0,0.0,0.0,-0.0
1702607389303156.0,0.0,0.0,-0.0
1702607389343724.0,0.0,0.0,-0.0
1702607389384228.0,0.0,0.0,-0.0
1702607389424685.0,0.0,0.0,-0.0
1702607389465139.0,0.0,0.0,-0.0
1702607389505602.0,0.0,0.0,-0.0
1702607389546194.0,0.0,0.0,-0.0
1702607389587796.0,0.0,0.0,-0.0
1702607389628270.0,0.0,0.0,-0.0
1702607389668738.0,0.0,0.0,-0.0
1702607389709195.0,0.0,0.0,-0.0
1702607389749779.0,0.0,0.0,-0.0
1702607389790261.0,0.0,0.0,-0.0
1702607389830731.0,0.0,0.0,-0.0
1702607389871184.0,0.0,0.0,-0.0
1702607389911635.0,0.0,0.0,-0.0
1702607389953064.0,0.0,0.0,-0.0
1702607389993566.0,0.0,0.0,-0.0
1702607390034019.0,0.0,0.0,-0.0
1702607390074483.0,0.0,0.0,-0.0
1702607390114951.0,0.0,0.0,-0.0
1702607390155531.0,0.0,0.0,-0.0
1702607390196038.0,0.0,0.0,-0.0
1702607390236506.0,0.0,0.0,-0.0
1702607390276663.0,0.0,0.0,-0.0
1702607390317140.0,0.0,0.0,-0.0
1702607390358771.0,0.0,0.0,-0.0
1702607390399270.0,0.0,0.0,-0.0
1702607390439734.0,0.0,0.0,-0.0
1702607390480187.0,0.0,0.0,-0.0
1702607390520645.0,0.0,0.0,-0.0
1702607390561192.0,0.0,0.0,-0.0
1702607390601748.0,0.0,0.0,-0.0
1702607390642227.0,0.0,0.0,-0.0
1702607390682707.0,0.0,0.0,-0.0
1702607390724097.0,0.0,0.0,-0.0
1702607390764652.0,0.0,0.0,-0.0
1702607390805231.0,0.0,0.0,-0.0
1702607390845740.0,0.0,0.0,-0.0
1702607390886198.0,0.0,0.0,-0.0
1702607390926664.0,0.0,0.0,-0.0
1702607390967124.0,0.0,0.0,-0.0
1702607391007711.0,0.0,0.0,-0.0
1702607391048207.0,0.0,0.0,-0.0
1702607391088668.0,0.0,0.0,-0.0
1702607391130047.0,0.0,0.0,-0.0
1702607391170500.0,0.0,0.0,-0.0
1702607391211091.0,0.0,0.0,-0.0
1702607391251173.0,0.0,0.0,-0.0
1702607391291645.0,0.0,0.0,-0.0
1702607391332098.0,0.0,0.0,-0.0
1702607391372554.0,0.0,0.0,-0.0
1702607391413133.0,0.0,0.0,-0.0
1702607391453619.0,0.0,0.0,-0.0
1702607391494899.0,0.0,0.0,-0.0
1702607391535343.0,0.0,0.0,-0.0
1702607391575803.0,0.0,0.0,-0.0
1702607391616382.0,0.0,0.0,-0.0
1702607391656872.0,0.0,0.0,-0.0
1702607391697343.0,0.0,0.0,-0.0
1702607391737807.0,0.0,0.0,-0.0
1702607391778253.0,0.0,0.0,-0.0
1702607391818828.0,0.0,0.0,-0.0
1702607391859313.0,0.0,0.0,-0.0
1702607391899788.0,0.0,0.0,-0.0
1702607391941604.0,0.0,0.0,-0.0
1702607391982065.0,0.0,0.0,-0.0
1702607392022658.0,0.0,0.0,-0.0
1702607392063145.0,0.0,0.0,-0.0
1702607392103615.0,0.0,0.0,-0.0
1702607392144083.0,0.0,0.0,-0.0
1702607392184544.0,0.0,0.0,-0.0
1702607392226007.0,0.0,0.0,-0.0
1702607392267385.0,0.0,0.0,-0.0
1702607392307845.0,0.0,0.0,-0.0
1702607392348299.0,0.0,0.0,-0.0
1702607392388751.0,0.0,0.0,-0.0
1702607392429341.0,0.0,0.0,-0.0
1702607392469843.0,0.0,0.0,-0.0
1702607392510298.0,0.0,0.0,-0.0
1702607392550757.0,0.0,0.0,-0.0
1702607392591205.0,0.0,0.0,-0.0
