time,x,y,theta
1699995232274246.0,0.0,0.0,0.0
1699995232314852.0,0.0,0.0,0.0
1699995232356248.0,0.0,0.0,0.0
1699995232396736.0,0.0,0.0,0.0
1699995232437211.0,0.0,0.0,0.0
1699995232477692.0,0.0,0.0,0.0
1699995232518302.0,0.0,0.0,0.0
1699995232558818.0,0.0,0.0,0.0
1699995232599326.0,0.0,0.0,0.0
1699995232639816.0,0.0,0.0,0.0
1699995232681456.0,0.0,0.0,0.0
1699995232722082.0,0.0,0.0,0.0
1699995232762616.0,0.0,0.0,0.0
1699995232803105.0,0.0,0.0,0.0
1699995232843591.0,0.0,0.0,0.0
1699995232884068.0,0.0,0.0,0.0
1699995232924677.0,0.0,0.0,0.0
1699995232965210.0,0.0,0.0,0.0
1699995233005704.0,0.0,0.0,0.0
1699995233046189.0,0.0,0.0,0.0
1699995233088068.0,0.0,0.0,0.0
1699995233128683.0,0.0,0.0,0.0
1699995233163978.0,0.0,0.0,0.0
1699995233204472.0,0.0,0.0,0.0
1699995233244959.0,0.0,0.0,0.0
1699995233285443.0,0.0,0.0,0.0
1699995233326055.0,0.0,0.0,0.0
1699995233366571.0,0.0,0.0,0.0
1699995233408156.0,0.0,0.0,0.0
1699995233448642.0,0.0,0.0,0.0
1699995233489126.0,0.0,0.0,0.0
1699995233529748.0,0.0,0.0,0.0
1699995233570274.0,0.0,0.0,0.0
1699995233610762.0,0.0,0.0,0.0
1699995233651240.0,0.0,0.0,0.0
1699995233691720.0,0.0,0.0,0.0
1699995233733332.0,0.0,0.0,0.0
1699995233774043.0,0.0,0.0,0.0
1699995233814545.0,0.0,0.0,0.0
1699995233855044.0,0.0,0.0,0.0
1699995233895530.0,0.0,0.0,0.0
1699995233936143.0,0.0,0.0,0.0
1699995233976671.0,0.0,0.0,0.0
1699995234017148.0,0.0,0.0,0.0
1699995234058534.0,0.0,0.0,0.0
1699995234099017.0,0.0,0.0,0.0
1699995234137642.0,0.0,0.0,0.0
1699995234178173.0,0.0,0.0,0.0
1699995234218656.0,0.0,0.0,0.0
1699995234259135.0,0.0,0.0,0.0
1699995234299633.0,0.0,0.0,0.0
1699995234340263.0,0.0,0.0,0.0
1699995234380777.0,0.0,0.0,0.0
1699995234421280.0,0.0,0.0,0.0
1699995234462762.0,0.0,0.0,0.0
1699995234503259.0,0.0,0.0,0.0
1699995234543883.0,0.0,0.0,0.0
1699995234584383.0,0.0,0.0,0.0
1699995234624880.0,0.0,0.0,0.0
1699995234665364.0,0.0,0.0,0.0
1699995234705849.0,0.0,0.0,0.0
1699995234746461.0,0.0,0.0,0.0
1699995234787795.0,0.0,0.0,0.0
1699995234828317.0,0.004864498972892761,0.0,0.0026699795853346586
1699995234868817.0,0.010397212579846382,1.4772266695217695e-05,0.0021356926299631596
1699995234909306.0,0.016971703618764877,2.8813381504733115e-05,0.0053422776982188225
1699995234949936.0,0.024767274037003517,7.045987877063453e-05,0.006407428998500109
1699995234990458.0,0.03312406316399574,0.00012400613923091441,0.008009413257241249
1699995235030967.0,0.04156661406159401,0.00019162747776135802,0.008543582633137703
1699995235071456.0,0.05017973482608795,0.00026521619292907417,0.008009152486920357
1699995235111939.0,0.05896063148975372,0.0003355452499818057,0.0064056203700602055
1699995235156833.0,0.0671040266752243,0.0003877094713971019,0.0049596382305026054
1699995235197351.0,0.07579435408115387,0.0004308107018005103,0.0022893971763551235
1699995235237854.0,0.08457117527723312,0.0004509043646976352,-0.0003818375989794731
1699995235278353.0,0.09322408586740494,0.0004476003523450345,-0.0014504371210932732
1699995235318840.0,0.10200438648462296,0.0004348650691099465,-0.0030538104474544525
1699995235359464.0,0.11063063144683838,0.000408522057114169,-0.004119120538234711
1699995235399984.0,0.11936213821172714,0.00037255571805872023,-0.005187166854739189
1699995235440477.0,0.12793299555778503,0.00032809682306833565,-0.006255920045077801
1699995235482092.0,0.13663707673549652,0.00027364405104890466,-0.007815835066139698
1699995235522584.0,0.14529122412204742,0.0002060033439192921,-0.007815835066139698
1699995235563198.0,0.15404380857944489,0.00013759316061623394,-0.0072830491699278355
1699995235603714.0,0.16285918653011322,7.338920113397762e-05,-0.006214900407940149
1699995235644226.0,0.1715923249721527,1.9112918380415067e-05,-0.006214900407940149
1699995235684719.0,0.18028795719146729,-3.493025360512547e-05,-0.00568052101880312
1699995235725215.0,0.1889829784631729,-8.432299364358187e-05,-0.00514618307352066
1699995235765833.0,0.19761042296886444,-0.0001287217892240733,-0.00408071419224143
1699995235806352.0,0.20625898241996765,-0.00016401431639678776,-0.00408071419224143
1699995235846854.0,0.21491117775440216,-0.0001993216574192047,-0.00408071419224143
1699995235888454.0,0.2236185073852539,-0.00023485394194722176,-0.004600870423018932
1699995235928943.0,0.23235668241977692,-0.0002750574494712055,-0.004600870423018932
1699995235969554.0,0.24098563194274902,-0.00031475842115469277,-0.004600870423018932
1699995236010091.0,0.24975502490997314,-0.00035510552697815,-0.005134670529514551
1699995236050586.0,0.25840866565704346,-0.00039953956729732454,-0.007272074464708567
1699995236091078.0,0.26722925901412964,-0.00046368478797376156,-0.009409641847014427
1699995236136928.0,0.2747984826564789,-0.0005349106504581869,-0.011297415010631084
1699995236178635.0,0.2836041748523712,-0.0006343963323161006,-0.015448006801307201
1699995236219166.0,0.29212453961372375,-0.0007660293485969305,-0.01704963855445385
1699995236259664.0,0.30073481798171997,-0.0009128456003963947,-0.019721202552318573
1699995236300156.0,0.30922114849090576,-0.0010802277829498053,-0.021858764812350273
1699995236340649.0,0.31779009103775024,-0.001267563900910318,-0.02292751893401146
1699995236381259.0,0.32620969414711,-0.0014606384793296456,-0.023460356518626213
1699995236421793.0,0.33472809195518494,-0.0016605198616161942,-0.023994192481040955
1699995236462294.0,0.343170166015625,-0.0018631191924214363,-0.023459920659661293
1699995236502801.0,0.35173583030700684,-0.00206410582177341,-0.022391537204384804
1699995236543290.0,0.3602639138698578,-0.0022550944704562426,-0.019719380885362625
1699995236584855.0,0.36865273118019104,-0.0024205383379012346,-0.018157590180635452
1699995236625391.0,0.3770054280757904,-0.00257221981883049,-0.0176237802952528
1699995236665906.0,0.3854456841945648,-0.0027209846302866936,-0.018157867714762688
1699995236706392.0,0.3938086926937103,-0.002872855868190527,-0.01762339659035206
1699995236746891.0,0.40208590030670166,-0.0030187435913830996,-0.016020499169826508
1699995236787527.0,0.41054269671440125,-0.0031542375218123198,-0.012825511395931244
1699995236828069.0,0.41901952028274536,-0.0032629629131406546,-0.009623119607567787
1699995236868575.0,0.42762893438339233,-0.003345814999192953,-0.006952089257538319
1699995236909921.0,0.43606361746788025,-0.003404454793781042,-0.003288611536845565
1699995236950415.0,0.4444679021835327,-0.003432093420997262,0.0009863090235739946
1699995236991041.0,0.45243021845817566,-0.003424240043386817,0.0063125984743237495
1699995237031584.0,0.460076242685318,-0.0033759730868041515,0.010582353919744492
1699995237072091.0,0.4675208628177643,-0.0032971887849271297,0.015390096232295036
1699995237112593.0,0.47459158301353455,-0.0031883609481155872,0.01966417208313942
1699995237151810.0,0.48154982924461365,-0.0030515152029693127,0.02407829463481903
1699995237192417.0,0.48793742060661316,-0.00289768329821527,0.028341319411993027
1699995237232942.0,0.4940878748893738,-0.002723324578255415,0.03154505789279938
1699995237274552.0,0.4998345673084259,-0.002541984897106886,0.03362518921494484
1699995237315048.0,0.5052815675735474,-0.002358759753406048,0.03629688173532486
1699995237355545.0,0.5105615854263306,-0.0021670262794941664,0.03896850720047951
1699995237396189.0,0.5154906511306763,-0.0019748511258512735,0.04056568443775177
1699995237436723.0,0.5203496813774109,-0.0017776319291442633,0.042167194187641144
1699995237477226.0,0.5247550010681152,-0.0015917625278234482,0.04323568940162659
1699995237517716.0,0.5291199684143066,-0.0014029234880581498,0.04377010837197304
1699995237558203.0,0.5331941246986389,-0.0012244833633303642,0.04483902454376221
1699995237599839.0,0.5370748043060303,-0.0010503603843972087,0.045878440141677856
1699995237640360.0,0.5379055142402649,-0.0010122231906279922,0.045878440141677856
1699995237680866.0,0.5389442443847656,-0.0009645340032875538,0.029318032786250114
1699995237721365.0,0.5398174524307251,-0.0009389251354150474,-0.002205612137913704
1699995237761848.0,0.5397758483886719,-0.0009388333419337869,-0.031603675335645676
1699995237802489.0,0.5396929979324341,-0.0009362135315313935,-0.0624847412109375
1699995237843004.0,0.5396515130996704,-0.0009336168295703828,-0.09292776137590408
1699995237883510.0,0.5395686626434326,-0.0009258976206183434,-0.12498016655445099
1699995237924010.0,0.539527416229248,-0.0009207120165228844,-0.15543445944786072
1699995237964519.0,0.5396096110343933,-0.000933589122723788,-0.1885528266429901
1699995238005992.0,0.5397292971611023,-0.000956432253587991,-0.22246664762496948
1699995238046524.0,0.5398103594779968,-0.0009747744770720601,-0.2544984817504883
1699995238087047.0,0.539931058883667,-0.0010061758803203702,-0.2870714068412781
1699995238127981.0,0.5400100350379944,-0.0010294835083186626,-0.31984591484069824
1699995238208947.0,0.5402452945709229,-0.0011130395578220487,-0.3839871287345886
1699995238249553.0,0.5403222441673279,-0.0011441262904554605,-0.4170263707637787
1699995238290067.0,0.5403982996940613,-0.001177813857793808,-0.4490724503993988
1699995238330575.0,0.5405107140541077,-0.0012319819070398808,-0.4816574454307556
1699995238372316.0,0.5406180024147034,-0.0012880758149549365,-0.514316737651825
1699995238412913.0,0.5407264232635498,-0.001349322497844696,-0.5468302965164185
1699995238453518.0,0.5408327579498291,-0.0014140476705506444,-0.5804032683372498
1699995238494525.0,0.5409358143806458,-0.001481636194512248,-0.6136471033096313
1699995238535028.0,0.5410718321800232,-0.0015774499624967575,-0.6478388905525208
1699995238575542.0,0.5411049723625183,-0.0016025451477617025,-0.6814872622489929
1699995238616096.0,0.5412017703056335,-0.0016810571542009711,-0.7151024341583252
1699995238657924.0,0.5446078777313232,-0.004639041144400835,-0.738899290561676
1699995238698458.0,0.548786461353302,-0.008446048945188522,-0.7677265405654907
1699995238738958.0,0.5540242791175842,-0.01350195799022913,-0.7981808185577393
1699995238779461.0,0.559744119644165,-0.019369933754205704,-0.8297013640403748
1699995238820926.0,0.5655044317245483,-0.0256646778434515,-0.8630998730659485
1699995238862425.0,0.5711787343025208,-0.03229719400405884,-0.8959496021270752
1699995238903713.0,0.5767109990119934,-0.03921104967594147,-0.9289671778678894
1699995238944220.0,0.5820146203041077,-0.04630725830793381,-0.9626213908195496
1699995238984707.0,0.5871503353118896,-0.05368394777178764,-0.9957577586174011
1699995239025202.0,0.5920152068138123,-0.06119033321738243,-1.0294219255447388
1699995239065814.0,0.5966114401817322,-0.06883411854505539,-1.060857892036438
1699995239106349.0,0.6009125113487244,-0.07652455568313599,-1.0939550399780273
1699995239145551.0,0.6050942540168762,-0.08461930602788925,-1.1270736455917358
1699995239186990.0,0.6088643670082092,-0.09255074709653854,-1.1594487428665161
1699995239227482.0,0.6123247742652893,-0.10048322379589081,-1.192581057548523
1699995239268102.0,0.6156176328659058,-0.108770452439785,-1.2250761985778809
1699995239308617.0,0.6185910105705261,-0.11702553927898407,-1.2576556205749512
1699995239349112.0,0.6212823987007141,-0.1253376454114914,-1.2897167205810547
1699995239389608.0,0.6238097548484802,-0.13409128785133362,-1.3233799934387207
1699995239430106.0,0.6259492635726929,-0.14256158471107483,-1.3554387092590332
1699995239470728.0,0.627837061882019,-0.1511915922164917,-1.3868669271469116
1699995239512239.0,0.6294849514961243,-0.16004978120326996,-1.4171007871627808
1699995239552732.0,0.6308416724205017,-0.16880753636360168,-1.445422887802124
1699995239593233.0,0.6319600343704224,-0.17768101394176483,-1.4705337285995483
1699995239633726.0,0.6328470706939697,-0.1864987313747406,-1.4924432039260864
1699995239674349.0,0.6335450410842896,-0.19538818299770355,-1.5121519565582275
1699995239714882.0,0.6340664029121399,-0.2042679339647293,-1.5313706398010254
1699995239755390.0,0.6344237923622131,-0.2133277803659439,-1.5463277101516724
1699995239795876.0,0.6346416473388672,-0.2222304791212082,-1.560223937034607
1699995239836383.0,0.6347365975379944,-0.23121391236782074,-1.5709078311920166
1699995239877003.0,0.6347355842590332,-0.24021433293819427,-1.5810292959213257
1699995239918251.0,0.6346431970596313,-0.24924063682556152,-1.5888983011245728
1699995239958746.0,0.6344790458679199,-0.25830894708633423,-1.5953105688095093
1699995239999229.0,0.6342576742172241,-0.2673371136188507,-1.601190209388733
1699995240039722.0,0.6339870691299438,-0.2762368321418762,-1.6065340042114258
1699995240080341.0,0.6336655020713806,-0.28523173928260803,-1.6113284826278687
1699995240120871.0,0.6332982778549194,-0.2942862808704376,-1.6145318746566772
1699995240162748.0,0.6329130530357361,-0.30308857560157776,-1.6171154975891113
1699995240203250.0,0.632495105266571,-0.31210553646087646,-1.6197867393493652
1699995240244768.0,0.6320480108261108,-0.32122495770454407,-1.6234350204467773
1699995240285394.0,0.6315810680389404,-0.3300873339176178,-1.625565528869629
1699995240325913.0,0.6310871243476868,-0.33909666538238525,-1.6282356977462769
1699995240366406.0,0.63056880235672,-0.3481104373931885,-1.6309075355529785
1699995240406907.0,0.6300215125083923,-0.35720404982566833,-1.633578896522522
1699995240447399.0,0.6294524073600769,-0.3662566542625427,-1.635716438293457
1699995240488026.0,0.6288658976554871,-0.37527796626091003,-1.6378469467163086
1699995240528563.0,0.6282616257667542,-0.38427653908729553,-1.640515923500061
1699995240569079.0,0.6276301145553589,-0.39331963658332825,-1.6437203884124756
1699995240610738.0,0.6269671320915222,-0.40239495038986206,-1.647356390953064
1699995240651227.0,0.6262797117233276,-0.4113565683364868,-1.6505630016326904
1699995240691844.0,0.6255558729171753,-0.42041173577308655,-1.6532267332077026
1699995240732384.0,0.6248201727867126,-0.4293164610862732,-1.6548279523849487
1699995240772894.0,0.6240766644477844,-0.43814370036125183,-1.6564303636550903
1699995240813390.0,0.6233507394790649,-0.44659972190856934,-1.6585676670074463
1699995240853893.0,0.622636079788208,-0.45472124218940735,-1.6607046127319336
1699995240894515.0,0.6219434142112732,-0.4624043405056,-1.6628353595733643
1699995240936050.0,0.6212574243545532,-0.4698363244533539,-1.6628353595733643
1699995240976551.0,0.6206151247024536,-0.4767952859401703,-1.6639039516448975
1699995241017046.0,0.6199923753738403,-0.48346462845802307,-1.664438247680664
1699995241057544.0,0.6193777322769165,-0.4900088906288147,-1.6633696556091309
1699995241098155.0,0.6188139915466309,-0.4960812032222748,-1.6628367900848389
1699995241132911.0,0.6181768774986267,-0.5029836893081665,-1.6609690189361572
1699995241173419.0,0.6176674962043762,-0.508617103099823,-1.658832311630249
1699995241213924.0,0.617195725440979,-0.5139619708061218,-1.658298134803772
1699995241254405.0,0.6167446970939636,-0.5191029906272888,-1.6561599969863892
1699995241295027.0,0.6163380146026611,-0.5238552093505859,-1.654561996459961
1699995241336623.0,0.6159584522247314,-0.5283756852149963,-1.6535215377807617
1699995241377126.0,0.6156078577041626,-0.5326040387153625,-1.6513845920562744
1699995241417626.0,0.6152729988098145,-0.5367504954338074,-1.649247407913208
1699995241458131.0,0.6152045726776123,-0.5376213192939758,-1.649781584739685
1699995241498749.0,0.6151096820831299,-0.5388204455375671,-1.630070447921753
1699995241539267.0,0.6150456666946411,-0.5398996472358704,-1.6012318134307861
1699995241579761.0,0.6150418519973755,-0.5400243997573853,-1.5718417167663574
1699995241620258.0,0.6150416135787964,-0.5402740240097046,-1.5387135744094849
1699995241661577.0,0.6150455474853516,-0.5403962731361389,-1.5057207345962524
1699995241702210.0,0.6150644421577454,-0.5406858921051025,-1.4743010997772217
1699995241742743.0,0.6150884628295898,-0.540934145450592,-1.442270040512085
1699995241783230.0,0.615131139755249,-0.5412642955780029,-1.4102026224136353
1699995241823717.0,0.6151643991470337,-0.5414696931838989,-1.3786696195602417
1699995241864193.0,0.615212082862854,-0.5417148470878601,-1.3465934991836548
1699995241904818.0,0.6152858734130859,-0.5420383214950562,-1.3157002925872803
1699995241945340.0,0.6153593063354492,-0.5423199534416199,-1.2841945886611938
1699995241985834.0,0.6154298782348633,-0.5425593852996826,-1.2521326541900635
1699995242027484.0,0.6154932379722595,-0.5427514314651489,-1.2204411029815674
1699995242067974.0,0.6155789494514465,-0.5429859161376953,-1.1883760690689087
1699995242108588.0,0.6156718134880066,-0.5432168245315552,-1.1564089059829712
1699995242155367.0,0.6157442927360535,-0.5433816909790039,-1.1291172504425049
1699995242195863.0,0.6158509850502014,-0.5436073541641235,-1.0970569849014282
1699995242236353.0,0.6159838438034058,-0.5438665151596069,-1.0655263662338257
1699995242276836.0,0.6160644292831421,-0.544012188911438,-1.0345247983932495
1699995242317458.0,0.616191565990448,-0.5442261099815369,-1.0036293268203735
1699995242357987.0,0.6163255572319031,-0.5444364547729492,-0.9715951085090637
1699995242399311.0,0.6164405345916748,-0.5446047782897949,-0.9396535158157349
1699995242439801.0,0.6165387630462646,-0.5447391271591187,-0.9086572527885437
1699995242480294.0,0.6167433857917786,-0.5450016260147095,-0.8776633143424988
1699995242520917.0,0.6168758869171143,-0.5451611280441284,-0.8462358713150024
1699995242561450.0,0.6200165748596191,-0.5487092733383179,-0.8227464556694031
1699995242601953.0,0.6239494681358337,-0.5529475212097168,-0.7901574373245239
1699995242642452.0,0.6288678050041199,-0.5579128861427307,-0.7602366805076599
1699995242682943.0,0.6347475647926331,-0.5635039806365967,-0.7287068367004395
1699995242723558.0,0.6410607099533081,-0.5691390633583069,-0.6978060007095337
1699995242764071.0,0.6476250290870667,-0.5746435523033142,-0.666827380657196
1699995242805695.0,0.6544950604438782,-0.5800509452819824,-0.6356359124183655
1699995242846196.0,0.6614576578140259,-0.5851878523826599,-0.6046481132507324
1699995242886688.0,0.6685433983802795,-0.5900840163230896,-0.573119044303894
1699995242928179.0,0.6757763624191284,-0.5947520136833191,-0.5418275594711304
1699995242968698.0,0.683150589466095,-0.5991907119750977,-0.5103194713592529
1699995243010199.0,0.690625011920929,-0.603374719619751,-0.47955694794654846
1699995243050812.0,0.6982803344726562,-0.6073558330535889,-0.4475889801979065
1699995243091293.0,0.7061593532562256,-0.6111384630203247,-0.41551679372787476
1699995243127060.0,0.7152957320213318,-0.6151694655418396,-0.37800759077072144
1699995243168232.0,0.7232823967933655,-0.6183409690856934,-0.34437140822410583
1699995243208725.0,0.7314676642417908,-0.6212767362594604,-0.31284308433532715
1699995243249218.0,0.7395038604736328,-0.62387615442276,-0.282383531332016
1699995243289709.0,0.7477757334709167,-0.6262761354446411,-0.25192245841026306
1699995243331086.0,0.7563325762748718,-0.6284785866737366,-0.2200218141078949
1699995243371609.0,0.7647312879562378,-0.6303569078445435,-0.1906527727842331
1699995243412101.0,0.7732697129249573,-0.6320047974586487,-0.16339880228042603
1699995243452599.0,0.7818076014518738,-0.6334124207496643,-0.13882043957710266
1699995243493094.0,0.7903780937194824,-0.6346098780632019,-0.11637766659259796
1699995243533730.0,0.798984706401825,-0.6356160640716553,-0.09561025351285934
1699995243574258.0,0.8076333403587341,-0.6364454627037048,-0.0758553296327591
1699995243614748.0,0.8162632584571838,-0.6371013522148132,-0.05768512561917305
1699995243656397.0,0.8250671029090881,-0.6376097798347473,-0.042098745703697205
1699995243696876.0,0.8338413834571838,-0.6379793882369995,-0.02766554430127144
1699995243737494.0,0.8426315188407898,-0.6382226347923279,-0.015945401042699814
1699995243778026.0,0.8514425158500671,-0.6383631229400635,-0.005268121138215065
1699995243818533.0,0.860218346118927,-0.6384093761444092,0.004881558008491993
1699995243859023.0,0.8689979314804077,-0.6383665204048157,0.012897824868559837
1699995243899524.0,0.8776912689208984,-0.6382544040679932,0.019843371585011482
1699995243940154.0,0.8863974809646606,-0.6380816102027893,0.02623428963124752
1699995243980691.0,0.8950393199920654,-0.6378548741340637,0.03157227113842964
1699995244021197.0,0.9036864042282104,-0.6375817656517029,0.03584592789411545
1699995244062689.0,0.9121673703193665,-0.6372776031494141,0.040539536625146866
1699995244103179.0,0.9207319617271423,-0.6369302272796631,0.044814884662628174
1699995244142895.0,0.9294618368148804,-0.6365387439727783,0.049173545092344284
1699995244183434.0,0.9381787776947021,-0.6361097693443298,0.05344372242689133
1699995244223930.0,0.9468199610710144,-0.6356475353240967,0.0577184334397316
1699995244264409.0,0.955504298210144,-0.6351457238197327,0.06146037206053734
1699995244304901.0,0.964308500289917,-0.6346039175987244,0.06573550403118134
1699995244346640.0,0.9728875756263733,-0.6340391635894775,0.07040134072303772
1699995244387177.0,0.9816768169403076,-0.633419394493103,0.07467173039913177
1699995244427672.0,0.9903894662857056,-0.6327676177024841,0.0789465457201004
1699995244468183.0,0.9992201328277588,-0.6320689916610718,0.08161725103855133
1699995244508684.0,1.008009672164917,-0.631350040435791,0.0848228856921196
1699995244549312.0,1.0167280435562134,-0.6306087374687195,0.0874858945608139
1699995244589837.0,1.0255080461502075,-0.6298386454582214,0.08962172269821167
1699995244630345.0,1.0343314409255981,-0.6290457248687744,0.09122426062822342
1699995244670833.0,1.043157935142517,-0.628238320350647,0.09389648586511612
1699995244711319.0,1.0516512393951416,-0.627438485622406,0.0954999029636383
1699995244752562.0,1.0599466562271118,-0.6266438364982605,0.09654922783374786
1699995244793085.0,1.067892074584961,-0.6258743405342102,0.09654922783374786
1699995244833589.0,1.0754271745681763,-0.6251445412635803,0.09654922783374786
1699995244874081.0,1.0826746225357056,-0.6244426369667053,0.09708362072706223
1699995244914579.0,1.0894237756729126,-0.6237853169441223,0.09654930979013443
1699995244955204.0,1.0959457159042358,-0.6231536865234375,0.09548402577638626
1699995244995745.0,1.1021509170532227,-0.6225593686103821,0.09548402577638626
1699995245036236.0,1.1079909801483154,-0.6220000386238098,0.09388080984354019
1699995245077880.0,1.1137105226516724,-0.6214615106582642,0.09388080984354019
1699995245118379.0,1.118929147720337,-0.6209701299667358,0.09281221032142639
1699995245161426.0,1.1237614154815674,-0.6205203533172607,0.09381755441427231
1699995245201956.0,1.1283966302871704,-0.6200842261314392,0.09274977445602417
1699995245242454.0,1.13295316696167,-0.6196603775024414,0.09274977445602417
1699995245282946.0,1.137137532234192,-0.6192711591720581,0.09221538156270981
1699995245323435.0,1.1412808895111084,-0.6188879609107971,0.09221538156270981
1699995245364057.0,1.145080327987671,-0.6185365915298462,0.09221538156270981
1699995245404568.0,1.1459085941314697,-0.6184599995613098,0.09114710241556168
1699995245446230.0,1.1469154357910156,-0.6183679699897766,0.10932554304599762
1699995245486741.0,1.1477422714233398,-0.6182771921157837,0.14137399196624756
1699995245527239.0,1.1476598978042603,-0.6182889342308044,0.1691582351922989
1699995245567850.0,1.1475781202316284,-0.6183028817176819,0.19899646937847137
1699995245608367.0,1.147415041923523,-0.6183357834815979,0.22890391945838928
1699995245648862.0,1.1472934484481812,-0.6183640956878662,0.2604306936264038
1699995245689364.0,1.1472532749176025,-0.6183748245239258,0.29088348150253296
1699995245729846.0,1.147333025932312,-0.6183509230613708,0.3218858540058136
1699995245771525.0,1.1472179889678955,-0.6183893084526062,0.3525170087814331
1699995245812044.0,1.1471009254455566,-0.6184324026107788,0.38509315252304077
1699995245852544.0,1.147178053855896,-0.6184011697769165,0.4171503186225891
1699995245893025.0,1.147178053855896,-0.6184011697769165,0.44922250509262085
1699995245933510.0,1.1471030712127686,-0.6184372901916504,0.48022258281707764
1699995245974126.0,1.1471030712127686,-0.6184372901916504,0.512188196182251
1699995246014648.0,1.1471755504608154,-0.618396520614624,0.5452959537506104
1699995246055136.0,1.1472467184066772,-0.6183533668518066,0.5762937068939209
1699995246095636.0,1.14717698097229,-0.6183987259864807,0.607282280921936
1699995246139383.0,1.14717698097229,-0.6183987259864807,0.6369600892066956
1699995246180760.0,1.1472424268722534,-0.6183502674102783,0.669383704662323
1699995246221271.0,1.1473076343536377,-0.6182986497879028,0.7003638744354248
1699995246261770.0,1.1473076343536377,-0.6182986497879028,0.731353223323822
1699995246302256.0,1.1473076343536377,-0.6182986497879028,0.7634214758872986
1699995246342751.0,1.1505539417266846,-0.6151919960975647,0.7858642339706421
1699995246383364.0,1.1544535160064697,-0.611288845539093,0.8151682019233704
1699995246423898.0,1.1591849327087402,-0.6062669157981873,0.8450630903244019
1699995246464398.0,1.1644582748413086,-0.6003235578536987,0.8755173683166504
1699995246506038.0,1.1698235273361206,-0.5938923358917236,0.9082558751106262
1699995246546526.0,1.1751220226287842,-0.5871010422706604,0.9408569931983948
1699995246587155.0,1.1802030801773071,-0.5801312923431396,0.9738775491714478
1699995246627680.0,1.1850870847702026,-0.5729449391365051,1.0075167417526245
1699995246668174.0,1.1897079944610596,-0.565627932548523,1.0406473875045776
1699995246708673.0,1.1941044330596924,-0.5581269264221191,1.0743082761764526
1699995246749184.0,1.1983041763305664,-0.5503747463226318,1.1074249744415283
1699995246789801.0,1.202197551727295,-0.5425825715065002,1.1393897533416748
1699995246830337.0,1.205777645111084,-0.5348051190376282,1.1714184284210205
1699995246870835.0,1.2091100215911865,-0.5269096493721008,1.203477144241333
1699995246911325.0,1.2121882438659668,-0.5189098119735718,1.2355421781539917
1699995246952501.0,1.2149479389190674,-0.5109888911247253,1.2654964923858643
1699995246993144.0,1.2174773216247559,-0.5029630661010742,1.2958436012268066
1699995247033658.0,1.2197353839874268,-0.49495846033096313,1.323616862297058
1699995247074150.0,1.221751093864441,-0.4869705140590668,1.3481988906860352
1699995247114647.0,1.2236063480377197,-0.47877413034439087,1.3727778196334839
1699995247154684.0,1.225278615951538,-0.47043997049331665,1.395477294921875
1699995247195297.0,1.2267546653747559,-0.46210700273513794,1.4157236814498901
1699995247235821.0,1.2280710935592651,-0.4536864161491394,1.4354805946350098
1699995247276327.0,1.2292269468307495,-0.4451965093612671,1.4547120332717896
1699995247317004.0,1.2302247285842896,-0.4366394579410553,1.4717347621917725
1699995247357502.0,1.2310640811920166,-0.4281943440437317,1.4877641201019287
1699995247398136.0,1.2317862510681152,-0.41951724886894226,1.5016098022460938
1699995247438729.0,1.2323715686798096,-0.41107064485549927,1.5122710466384888
1699995247479240.0,1.2328678369522095,-0.4026011824607849,1.521885633468628
1699995247519727.0,1.233278751373291,-0.3942054510116577,1.531505823135376
1699995247600670.0,1.2338732481002808,-0.3772314488887787,1.5486150979995728
1699995247641287.0,1.2340590953826904,-0.3688546121120453,1.555008053779602
1699995247681798.0,1.2341957092285156,-0.36020535230636597,1.560349464416504
1699995247722294.0,1.23428475856781,-0.3516770899295807,1.565158486366272
1699995247762784.0,1.2343332767486572,-0.34306401014328003,1.5699682235717773
1699995247803826.0,1.2343403100967407,-0.3345666229724884,1.5747133493423462
1699995247844456.0,1.234306812286377,-0.3260246217250824,1.5779087543487549
1699995247884980.0,1.2342473268508911,-0.31766828894615173,1.5805785655975342
1699995247926038.0,1.2341622114181519,-0.3089694678783417,1.5805785655975342
1699995247966537.0,1.23408043384552,-0.30060815811157227,1.582181453704834
1699995248008138.0,1.233985424041748,-0.29226601123809814,1.5832217931747437
1699995248048775.0,1.2338829040527344,-0.2840162515640259,1.5848191976547241
1699995248089303.0,1.2337645292282104,-0.27557823061943054,1.585353136062622
1699995248128260.0,1.233638048171997,-0.26688647270202637,1.5859085321426392
1699995248168796.0,1.2335104942321777,-0.2584502398967743,1.5864423513412476
1699995248209295.0,1.2333770990371704,-0.24992316961288452,1.5901824235916138
1699995248249923.0,1.2332139015197754,-0.2415066659450531,1.5939106941223145
1699995248290446.0,1.2330169677734375,-0.23298588395118713,1.5944446325302124
1699995248330943.0,1.2328152656555176,-0.22445973753929138,1.5917730331420898
1699995248372444.0,1.2326372861862183,-0.2159770131111145,1.590208888053894
1699995248412936.0,1.2324717044830322,-0.2074490338563919,1.5886057615280151
1699995248453558.0,1.232317328453064,-0.19878222048282623,1.5880731344223022
1699995248494091.0,1.2321693897247314,-0.19022098183631897,1.5880731344223022
1699995248534608.0,1.2320207357406616,-0.18161478638648987,1.5886071920394897
1699995248575093.0,1.231868028640747,-0.17304347455501556,1.5886071920394897
1699995248615586.0,1.231713891029358,-0.1643906533718109,1.5896759033203125
1699995248656209.0,1.2315526008605957,-0.15584862232208252,1.5907412767410278
1699995248697737.0,1.2313786745071411,-0.14712786674499512,1.5912623405456543
1699995248738253.0,1.2312016487121582,-0.13848039507865906,1.5912623405456543
1699995248778747.0,1.2310245037078857,-0.12982822954654694,1.592331051826477
1699995248819245.0,1.2308381795883179,-0.12117711454629898,1.592331051826477
1699995248859868.0,1.2306514978408813,-0.11251115798950195,1.5917984247207642
1699995248900389.0,1.2304707765579224,-0.10390642285346985,1.5912643671035767
1699995248940898.0,1.2302919626235962,-0.09517429769039154,1.5912643671035767
1699995248981393.0,1.2301156520843506,-0.08656394481658936,1.59073007106781
1699995249021899.0,1.2299431562423706,-0.07791425287723541,1.59073007106781
1699995249063679.0,1.2297719717025757,-0.0693267285823822,1.590212106704712
1699995249104196.0,1.2296007871627808,-0.06051299721002579,1.587007761001587
1699995249144312.0,1.2294584512710571,-0.051736630499362946,1.5853896141052246
1699995249184806.0,1.2293308973312378,-0.043000370264053345,1.5843209028244019
1699995249225288.0,1.2292132377624512,-0.034303002059459686,1.5827172994613647
1699995249265921.0,1.2291109561920166,-0.02572070248425007,1.5811196565628052
1699995249306455.0,1.2290221452713013,-0.01711728796362877,1.57951819896698
1699995249346949.0,1.2289470434188843,-0.008505242876708508,1.577915072441101
1699995249388562.0,1.2288862466812134,3.726780414581299e-05,1.5773950815200806
1699995249429055.0,1.2288299798965454,0.008566453121602535,1.5768606662750244
1699995249469681.0,1.2287787199020386,0.017026275396347046,1.5757954120635986
1699995249510215.0,1.2287365198135376,0.025463784113526344,1.5741939544677734
1699995249550720.0,1.2287075519561768,0.03399058058857918,1.5725913047790527
1699995249591219.0,1.2286922931671143,0.042518675327301025,1.5720570087432861
1699995249631714.0,1.2286813259124756,0.05117243155837059,1.5731257200241089
1699995249672348.0,1.2286611795425415,0.05979657173156738,1.5731257200241089
1699995249712870.0,1.2286407947540283,0.0685276985168457,1.5741937160491943
1699995249753373.0,1.228611707687378,0.07709650695323944,1.5763306617736816
1699995249795160.0,1.2285635471343994,0.08580511808395386,1.5773663520812988
1699995249835648.0,1.2285072803497314,0.09437696635723114,1.579504132270813
1699995249876265.0,1.228432536125183,0.1029629334807396,1.5811023712158203
1699995249916808.0,1.2283447980880737,0.11148133128881454,1.5816360712051392
1699995249957302.0,1.2282514572143555,0.1200931966304779,1.583239197731018
1699995249997787.0,1.2281463146209717,0.12854036688804626,1.5837737321853638
1699995250038275.0,1.228033423423767,0.13723650574684143,1.58430814743042
1699995250079742.0,1.2279181480407715,0.14576789736747742,1.5832644701004028
1699995250120279.0,1.2278103828430176,0.15441201627254486,1.5832644701004028
1699995250161114.0,1.227703332901001,0.16299305856227875,1.5832644701004028
1699995250201609.0,1.2275934219360352,0.17181254923343658,1.58219575881958
1699995250242100.0,1.2274961471557617,0.18034178018569946,1.5827301740646362
1699995250282721.0,1.2273921966552734,0.18905103206634521,1.5827301740646362
1699995250323243.0,1.2272889614105225,0.1976984143257141,1.5816621780395508
1699995250363747.0,1.227195382118225,0.20630815625190735,1.5811280012130737
1699995250404240.0,1.227105975151062,0.21496188640594482,1.5811280012130737
1699995250444726.0,1.2270174026489258,0.22353388369083405,1.5800590515136719
1699995250486060.0,1.226936936378479,0.23221541941165924,1.5784885883331299
1699995250526592.0,1.226871371269226,0.24073633551597595,1.5768870115280151
1699995250567107.0,1.2268189191818237,0.2493440806865692,1.5763529539108276
1699995250607602.0,1.226771354675293,0.2579145133495331,1.5763529539108276
1699995250648097.0,1.226723313331604,0.2665681540966034,1.5752842426300049
1699995250688732.0,1.2266854047775269,0.2750261723995209,1.5742192268371582
1699995250729251.0,1.226656198501587,0.2835500240325928,1.5726171731948853
1699995250769754.0,1.2266408205032349,0.2919940948486328,1.5720828771591187
1699995250811329.0,1.2266297340393066,0.30058515071868896,1.573123812675476
1699995250851827.0,1.2266099452972412,0.3090718388557434,1.573123812675476
1699995250892447.0,1.2265897989273071,0.31774044036865234,1.5747219324111938
1699995250932969.0,1.2265563011169434,0.3262636363506317,1.5763238668441772
1699995250973480.0,1.2265087366104126,0.3348722755908966,1.5779262781143188
1699995251013974.0,1.226447343826294,0.34348443150520325,1.5795294046401978
1699995251054464.0,1.2263721227645874,0.3520973324775696,1.5822014808654785
1699995251095099.0,1.226273775100708,0.3607207238674164,1.5843315124511719
1699995251137184.0,1.2261615991592407,0.3690067529678345,1.586902379989624
1699995251178755.0,1.2260226011276245,0.377638041973114,1.5884639024734497
1699995251219254.0,1.2258689403533936,0.3863312005996704,1.5900667905807495
1699995251259761.0,1.2257022857666016,0.394980788230896,1.5911351442337036
1699995251300386.0,1.2255268096923828,0.40360507369041443,1.5911351442337036
1699995251340914.0,1.2253518104553223,0.4122084379196167,1.592736840248108
1699995251381417.0,1.2251628637313843,0.4208168387413025,1.5932711362838745
1699995251421905.0,1.2249683141708374,0.42946991324424744,1.5932711362838745
1699995251462391.0,1.2247793674468994,0.4378737807273865,1.5932711362838745
1699995251504070.0,1.224593162536621,0.44615834951400757,1.5927519798278809
1699995251544594.0,1.2244197130203247,0.45405566692352295,1.5916839838027954
1699995251585095.0,1.224260687828064,0.4616665244102478,1.592218279838562
1699995251625575.0,1.2241073846817017,0.46882352232933044,1.5900800228118896
1699995251666061.0,1.2239766120910645,0.4756053388118744,1.5895456075668335
1699995251706692.0,1.2238529920578003,0.4821971654891968,1.5890130996704102
1699995251747221.0,1.2237424850463867,0.48826533555984497,1.5879453420639038
1699995251787716.0,1.2236418724060059,0.4941307306289673,1.5884796380996704
1699995251828202.0,1.2235454320907593,0.49958130717277527,1.5879452228546143
1699995251868694.0,1.2234541177749634,0.5049062967300415,1.5879452228546143
1699995251910218.0,1.2233712673187256,0.5097338557243347,1.5874241590499878
1699995251950737.0,1.2232924699783325,0.5144733190536499,1.5863560438156128
1699995251991234.0,1.2232238054275513,0.5188826322555542,1.5852874517440796
1699995252031724.0,1.2231616973876953,0.5231679677963257,1.5847530364990234
1699995252072215.0,1.223107099533081,0.5270788073539734,1.5836842060089111
1699995252112834.0,1.2230578660964966,0.5308944582939148,1.584749698638916
1699995252151707.0,1.223004698753357,0.5347080826759338,1.584749698638916
1699995252192214.0,1.222989559173584,0.5357893705368042,1.5580400228500366
1699995252232712.0,1.2230064868927002,0.537120521068573,1.5334616899490356
1699995252273202.0,1.2230281829833984,0.5377026796340942,1.5035343170166016
1699995252314444.0,1.223039150238037,0.5378656983375549,1.4720538854599
1699995252354965.0,1.2230514287948608,0.5379897952079773,1.4405473470687866
1699995252395469.0,1.22306227684021,0.5380722880363464,1.4106303453445435
1699995252436980.0,1.2230558395385742,0.5380322337150574,1.3798751831054688
1699995252477474.0,1.223071575164795,0.5381139516830444,1.3478132486343384
1699995252518125.0,1.2230623960494995,0.5380735397338867,1.3174721002578735
1699995252558649.0,1.2230520248413086,0.5380333065986633,1.2881038188934326
1699995252599147.0,1.2230287790298462,0.5379533767700195,1.2560451030731201
1699995252640791.0,1.2230538129806519,0.5380303263664246,1.2248685359954834
1699995252681286.0,1.2230255603790283,0.5379520654678345,1.1928074359893799
1699995252721895.0,1.2230255603790283,0.5379520654678345,1.1597706079483032
1699995252762427.0,1.2230089902877808,0.537913978099823,1.1282726526260376
1699995252802915.0,1.2230267524719238,0.5379515886306763,1.0946027040481567
1699995252844667.0,1.2230267524719238,0.5379515886306763,1.0614337921142578
1699995252885161.0,1.2230064868927002,0.5379152894020081,1.0267000198364258
1699995252926173.0,1.2229852676391602,0.5378801226615906,0.9934602379798889
1699995252966715.0,1.2229398488998413,0.5378105044364929,0.9614362716674805
1699995253007227.0,1.2228684425354004,0.5377082228660583,0.9288544654846191
1699995253047720.0,1.222793698310852,0.53760826587677,0.8973261713981628
1699995253088210.0,1.2226380109786987,0.5374131202697754,0.8684676289558411
1699995253129647.0,1.225264549255371,0.5405167937278748,0.8496682643890381
1699995253171391.0,1.2285687923431396,0.5442755818367004,0.8237500786781311
1699995253211901.0,1.232892394065857,0.5489442348480225,0.8007814288139343
1699995253252402.0,1.2380180358886719,0.5542300939559937,0.7735335230827332
1699995253292895.0,1.2435845136642456,0.5596660375595093,0.7441427111625671
1699995253333510.0,1.249565839767456,0.5651730895042419,0.7100452184677124
1699995253374033.0,1.2558715343475342,0.5705934762954712,0.6780062913894653
1699995253414522.0,1.262320637702942,0.575787365436554,0.6432682871818542
1699995253455018.0,1.269078254699707,0.5808531045913696,0.6085362434387207
1699995253496666.0,1.2760815620422363,0.5857325792312622,0.5726866722106934
1699995253537300.0,1.2831554412841797,0.5902935862541199,0.5391376614570618
1699995253577828.0,1.2903972864151,0.5946260690689087,0.5055009126663208
1699995253618322.0,1.297896146774292,0.5987764000892639,0.4702328145503998
1699995253658830.0,1.3056081533432007,0.6026961207389832,0.4349769055843353
1699995253699319.0,1.3134194612503052,0.6063257455825806,0.40130776166915894
1699995253739941.0,1.3213225603103638,0.6096793413162231,0.3688142001628876
1699995253780476.0,1.3290762901306152,0.6126761436462402,0.3367847204208374
1699995253820963.0,1.3377560377120972,0.6157151460647583,0.3031139075756073
1699995253862579.0,1.3461018800735474,0.6183253526687622,0.276076078414917
1699995253903079.0,1.3545869588851929,0.6207292675971985,0.24615606665611267
1699995253943704.0,1.363033413887024,0.6228514313697815,0.21632811427116394
1699995253984221.0,1.3714402914047241,0.6246989965438843,0.18695472180843353
1699995254024717.0,1.3799430131912231,0.6263074278831482,0.16023778915405273
1699995254065218.0,1.3886488676071167,0.6277145147323608,0.13672979176044464
1699995254105710.0,1.3972225189208984,0.6288941502571106,0.11428534984588623
1699995254144938.0,1.4062682390213013,0.6299324631690979,0.09442737698554993
1699995254186444.0,1.4149160385131836,0.6307514905929565,0.07774461805820465
1699995254226937.0,1.4236685037612915,0.6314333081245422,0.06224765256047249
1699995254267427.0,1.4324312210083008,0.6319794654846191,0.0467495322227478
1699995254307924.0,1.441199779510498,0.6323896646499634,0.03446004539728165
1699995254348548.0,1.4499038457870483,0.6326897144317627,0.023806944489479065
1699995254389069.0,1.4586743116378784,0.6328985691070557,0.013660775497555733
1699995254429561.0,1.467369556427002,0.633017361164093,0.004576119594275951
1699995254470062.0,1.4762715101242065,0.6330580711364746,-0.003972241654992104
1699995254510548.0,1.4851768016815186,0.6330227255821228,-0.011454830877482891
1699995254552343.0,1.4938832521438599,0.6329230070114136,-0.017667608335614204
1699995254592875.0,1.5026109218597412,0.6327688097953796,-0.025141708552837372
1699995254633378.0,1.5114681720733643,0.632546067237854,-0.0331554040312767
1699995254673868.0,1.5202430486679077,0.6322550177574158,-0.04010283574461937
1699995254714364.0,1.5290143489837646,0.6319030523300171,-0.04598056152462959
1699995254755001.0,1.5377944707870483,0.6314990520477295,-0.05130540579557419
1699995254795536.0,1.546469807624817,0.6310535669326782,-0.056109827011823654
1699995254836044.0,1.5551902055740356,0.6305637359619141,-0.06038326770067215
1699995254877626.0,1.5638450384140015,0.6300404667854309,-0.06454633176326752
1699995254918126.0,1.5725626945495605,0.6294769644737244,-0.06775204837322235
1699995254958777.0,1.5812461376190186,0.6288877129554749,-0.06988125294446945
1699995254999311.0,1.5898704528808594,0.6282840371131897,-0.07201660424470901
1699995255039831.0,1.5985794067382812,0.6276557445526123,-0.07415269315242767
1699995255080327.0,1.6072921752929688,0.6270084977149963,-0.07629004865884781
1699995255120813.0,1.6160471439361572,0.6263392567634583,-0.07682452350854874
1699995255163180.0,1.6245319843292236,0.6256861090660095,-0.07784600555896759
1699995255203719.0,1.633357286453247,0.6249976754188538,-0.07731223851442337
1699995255244210.0,1.6420689821243286,0.6243228316307068,-0.07731223851442337
1699995255285629.0,1.6507477760314941,0.6236504912376404,-0.07522251456975937
1699995255326148.0,1.6592475175857544,0.6230099201202393,-0.07468847930431366
1699995255366768.0,1.6676437854766846,0.6223816275596619,-0.07309035956859589
1699995255407284.0,1.675606369972229,0.621798574924469,-0.0720222145318985
1699995255447782.0,1.683282732963562,0.6212447285652161,-0.07041927427053452
1699995255488263.0,1.6906310319900513,0.6207264065742493,-0.06988473981618881
1699995255528754.0,1.6976872682571411,0.6202324628829956,-0.0688159316778183
1699995255570520.0,1.7043273448944092,0.6197748184204102,-0.06933402270078659
1699995255611057.0,1.7107124328613281,0.619331419467926,-0.06933402270078659
1699995255651552.0,1.716813564300537,0.6189077496528625,-0.06986837089061737
1699995255692042.0,1.722500205039978,0.6185097694396973,-0.07040278613567352
1699995255732533.0,1.7279789447784424,0.6181234121322632,-0.07147159427404404
1699995255773183.0,1.733270525932312,0.6177445650100708,-0.07147159427404404
1699995255813701.0,1.7380815744400024,0.6174001097679138,-0.07360778748989105
1699995255854208.0,1.742851734161377,0.6170483827590942,-0.0741419792175293
1699995255894707.0,1.7473737001419067,0.6167125105857849,-0.0736076831817627
1699995255935206.0,1.75160551071167,0.6164004802703857,-0.0746762827038765
1699995255976648.0,1.7557001113891602,0.6160941123962402,-0.07624270766973495
1699995256017185.0,1.756487488746643,0.6160339713096619,-0.07677650451660156
1699995256057698.0,1.7576899528503418,0.6159414649009705,-0.09440228343009949
1699995256098203.0,1.758766531944275,0.6158395409584045,-0.12325015664100647
1699995256139304.0,1.7592953443527222,0.6157740354537964,-0.1522061824798584
1699995256179915.0,1.7592953443527222,0.6157740354537964,-0.1831100583076477
1699995256220452.0,1.759336233139038,0.6157664656639099,-0.21460415422916412
1699995256260956.0,1.759376883506775,0.6157575845718384,-0.2471923679113388
1699995256302370.0,1.7594558000564575,0.6157376766204834,-0.2795870006084442
1699995256342860.0,1.7595757246017456,0.6157032251358032,-0.31218647956848145
1699995256383427.0,1.7596547603607178,0.6156777143478394,-0.3452574908733368
1699995256424062.0,1.7597328424453735,0.6156496405601501,-0.3772081434726715
1699995256464586.0,1.7598488330841064,0.6156036853790283,-0.4097802937030792
1699995256505083.0,1.7600395679473877,0.6155208349227905,-0.4423741400241852
1699995256545571.0,1.7600771188735962,0.6155030131340027,-0.47497522830963135
1699995256586074.0,1.7600771188735962,0.6155030131340027,-0.5091670155525208
1699995256626702.0,1.7601133584976196,0.6154828071594238,-0.5427209734916687
1699995256667235.0,1.7601845264434814,0.6154398918151855,-0.575819730758667
1699995256707730.0,1.7602542638778687,0.6153945922851562,-0.6068121194839478
1699995256748216.0,1.7602884769439697,0.6153708696365356,-0.6394148468971252
1699995256788698.0,1.7603886127471924,0.6152963638305664,-0.6720207929611206
1699995256829322.0,1.7604860067367554,0.6152188777923584,-0.7045127749443054
1699995256869855.0,1.7605810165405273,0.6151381134986877,-0.7381453514099121
1699995256910355.0,1.7606732845306396,0.6150541305541992,-0.7696682214736938
1699995256950847.0,1.7638704776763916,0.611956000328064,-0.7937158346176147
1699995256991341.0,1.7678381204605103,0.6079217791557312,-0.8247089982032776
1699995257031952.0,1.7727378606796265,0.6026208400726318,-0.8545472025871277
1699995257072472.0,1.7780338525772095,0.5965366363525391,-0.8855204582214355
1699995257112973.0,1.78337824344635,0.5899985432624817,-0.9191796183586121
1699995257150906.0,1.7891156673431396,0.5824766159057617,-0.953976571559906
1699995257191394.0,1.7941462993621826,0.57538241147995,-0.9876465797424316
1699995257232032.0,1.7990089654922485,0.5680112242698669,-1.0211923122406006
1699995257273165.0,1.8035660982131958,0.5605717301368713,-1.054334282875061
1699995257313675.0,1.807878851890564,0.5529771447181702,-1.0874518156051636
1699995257354178.0,1.8120157718658447,0.5450952053070068,-1.1205750703811646
1699995257394668.0,1.8158183097839355,0.5372278690338135,-1.1547777652740479
1699995257436001.0,1.8193928003311157,0.529137134552002,-1.1877593994140625
1699995257476536.0,1.822685956954956,0.5209642052650452,-1.2208565473556519
1699995257517025.0,1.8256961107254028,0.5127164721488953,-1.2555946111679077
1699995257557508.0,1.82846999168396,0.5042096376419067,-1.288199782371521
1699995257597995.0,1.8309532403945923,0.49565771222114563,-1.3234739303588867
1699995257638622.0,1.8331258296966553,0.4870532751083374,-1.3554308414459229
1699995257679149.0,1.8350269794464111,0.47836244106292725,-1.3853309154510498
1699995257719654.0,1.8366761207580566,0.4695730209350586,-1.4147130250930786
1699995257760143.0,1.838079810142517,0.46065324544906616,-1.439831256866455
1699995257801391.0,1.8392373323440552,0.4518657624721527,-1.4623888731002808
1699995257842013.0,1.8401976823806763,0.4430423080921173,-1.482630729675293
1699995257882540.0,1.8409810066223145,0.43418049812316895,-1.4986486434936523
1699995257923045.0,1.8416136503219604,0.4254269301891327,-1.5130726099014282
1699995257963552.0,1.8421319723129272,0.4164579510688782,-1.524824857711792
1699995258004046.0,1.842535376548767,0.4076884388923645,-1.5339090824127197
1699995258044675.0,1.8428688049316406,0.3986546993255615,-1.541365385055542
1699995258085196.0,1.8431318998336792,0.38971930742263794,-1.5483075380325317
1699995258125692.0,1.8433349132537842,0.38069361448287964,-1.5531165599822998
1699995258168716.0,1.843483805656433,0.3722757399082184,-1.5576430559158325
1699995258210486.0,1.8436026573181152,0.3632415533065796,-1.5617873668670654
1699995258251120.0,1.8436833620071411,0.3542860448360443,-1.564982533454895
1699995258291641.0,1.8437353372573853,0.34534692764282227,-1.566584587097168
1699995258332140.0,1.8437730073928833,0.33640289306640625,-1.5671188831329346
1699995258372618.0,1.8438057899475098,0.327495813369751,-1.5681880712509155
1699995258413104.0,1.8438291549682617,0.31854885816574097,-1.5687224864959717
1699995258453733.0,1.843847632408142,0.30963337421417236,-1.5703202486038208
1699995258495063.0,1.843851923942566,0.3006652891635895,-1.5713673830032349
1699995258535566.0,1.8438467979431152,0.2916804552078247,-1.5724358558654785
1699995258576068.0,1.843832015991211,0.2826954126358032,-1.5724358558654785
1699995258616556.0,1.843817114830017,0.2736240327358246,-1.5735046863555908
1699995258657194.0,1.8437926769256592,0.2645861804485321,-1.574569582939148
1699995258697728.0,1.8437583446502686,0.25548359751701355,-1.5772387981414795
1699995258738220.0,1.8437014818191528,0.2466629445552826,-1.5793763399124146
1699995258778719.0,1.8436243534088135,0.23767755925655365,-1.5825821161270142
1699995258819211.0,1.8435189723968506,0.22873252630233765,-1.584185242652893
1699995258860953.0,1.8433990478515625,0.21977302432060242,-1.5862587690353394
1699995258901474.0,1.8432601690292358,0.21079325675964355,-1.5873267650604248
1699995258941984.0,1.8431130647659302,0.2018943727016449,-1.588395118713379
1699995258982465.0,1.8429555892944336,0.19294767081737518,-1.589998722076416
1699995259022956.0,1.842785358428955,0.1840866357088089,-1.5926707983016968
1699995259063579.0,1.84259033203125,0.17517195641994476,-1.5953341722488403
1699995259104103.0,1.8423700332641602,0.16619448363780975,-1.5953341722488403
1699995259133725.0,1.8420826196670532,0.15448155999183655,-1.5982561111450195
1699995259175359.0,1.8418292999267578,0.14525869488716125,-1.5992956161499023
1699995259215863.0,1.8415780067443848,0.13644404709339142,-1.5982271432876587
1699995259256496.0,1.8413323163986206,0.12749134004116058,-1.597162127494812
1699995259297040.0,1.8410978317260742,0.11860179901123047,-1.5960947275161743
1699995259337539.0,1.8408684730529785,0.10953578352928162,-1.593957543373108
1699995259378030.0,1.840663194656372,0.10067550092935562,-1.5923542976379395
1699995259418524.0,1.8404676914215088,0.09160757064819336,-1.590216875076294
1699995259459146.0,1.8402944803237915,0.0826922208070755,-1.586488127708435
1699995259499666.0,1.8401528596878052,0.07367070019245148,-1.584886074066162
1699995259541257.0,1.8400261402130127,0.06467875838279724,-1.5828050374984741
1699995259581747.0,1.8399182558059692,0.05569169670343399,-1.5817362070083618
1699995259622243.0,1.839820384979248,0.04674745723605156,-1.5812019109725952
1699995259662874.0,1.8397276401519775,0.03783288598060608,-1.5806694030761719
1699995259703400.0,1.8396389484405518,0.02885359525680542,-1.579601526260376
1699995259743900.0,1.83955979347229,0.019868452101945877,-1.579601526260376
1699995259784390.0,1.8394806385040283,0.010881089605391026,-1.579601526260376
1699995259824877.0,1.8394018411636353,0.0019346727058291435,-1.5801359415054321
1699995259865506.0,1.8393181562423706,-0.007021899335086346,-1.5812010765075684
1699995259906590.0,1.8392268419265747,-0.015797171741724014,-1.582254409790039
1699995259947090.0,1.8391238451004028,-0.024782072752714157,-1.5854601860046387
1699995259987589.0,1.838992714881897,-0.03372522443532944,-1.5870630741119385
1699995260028075.0,1.8388465642929077,-0.04271263629198074,-1.5892009735107422
1699995260068693.0,1.838681697845459,-0.05167050659656525,-1.5892009735107422
1699995260109217.0,1.8385194540023804,-0.06048288568854332,-1.5902689695358276
1699995260157212.0,1.8383738994598389,-0.06795845925807953,-1.5907198190689087
1699995260197697.0,1.8381998538970947,-0.07669585943222046,-1.5928577184677124
1699995260238193.0,1.8380053043365479,-0.08551368117332458,-1.5939264297485352
1699995260280000.0,1.8378021717071533,-0.09429650753736496,-1.5939264297485352
1699995260320525.0,1.8375983238220215,-0.10310780256986618,-1.5939264297485352
1699995260361017.0,1.8373934030532837,-0.11196787655353546,-1.593392014503479
1699995260401517.0,1.8371922969818115,-0.12086789309978485,-1.5912548303604126
1699995260442013.0,1.837010145187378,-0.1297692060470581,-1.5901861190795898
1699995260482639.0,1.8368356227874756,-0.1387666016817093,-1.589653491973877
1699995260523163.0,1.8366670608520508,-0.1477036029100418,-1.5880515575408936
1699995260563661.0,1.8365119695663452,-0.15668819844722748,-1.5880515575408936
1699995260605258.0,1.8363568782806396,-0.16567839682102203,-1.584930419921875
1699995260645756.0,1.8362315893173218,-0.17453864216804504,-1.5833275318145752
1699995260686384.0,1.8361198902130127,-0.18345364928245544,-1.5806645154953003
1699995260726908.0,1.836032509803772,-0.19230866432189941,-1.5801305770874023
1699995260767413.0,1.8359482288360596,-0.20133425295352936,-1.5785279273986816
1699995260807911.0,1.8358803987503052,-0.21011191606521606,-1.577993631362915
1699995260848407.0,1.8358154296875,-0.21913966536521912,-1.5763906240463257
1699995260889030.0,1.8357656002044678,-0.22805634140968323,-1.5758579969406128
1699995260929551.0,1.8357199430465698,-0.23707863688468933,-1.5753239393234253
1699995260970057.0,1.835679054260254,-0.24610430002212524,-1.5747897624969482
1699995261011843.0,1.8356431722640991,-0.2550954222679138,-1.5753076076507568
1699995261052333.0,1.8356024026870728,-0.26412466168403625,-1.575842022895813
1699995261092959.0,1.8355580568313599,-0.2729162871837616,-1.5779725313186646
1699995261137436.0,1.83549964427948,-0.28106021881103516,-1.5794320106506348
1699995261177931.0,1.8354227542877197,-0.2899632751941681,-1.5815694332122803
1699995261218422.0,1.8353267908096313,-0.29886701703071594,-1.5815694332122803
1699995261258926.0,1.8352309465408325,-0.30776792764663696,-1.5837063789367676
1699995261300518.0,1.835115909576416,-0.3166787922382355,-1.5847468376159668
1699995261341058.0,1.8349924087524414,-0.32552987337112427,-1.586348056793213
1699995261381547.0,1.8348546028137207,-0.33439189195632935,-1.5879513025283813
1699995261422054.0,1.8347033262252808,-0.3432081639766693,-1.5890196561813354
1699995261462547.0,1.8345403671264648,-0.35215210914611816,-1.5906227827072144
1699995261503170.0,1.834363579750061,-0.36106717586517334,-1.5911554098129272
1699995261543692.0,1.834181547164917,-0.3700043559074402,-1.5906214714050293
1699995261584198.0,1.8340083360671997,-0.3787372410297394,-1.5895531177520752
1699995261624689.0,1.833839774131775,-0.3877231478691101,-1.588484287261963
1699995261665174.0,1.8336822986602783,-0.3966273367404938,-1.587415337562561
1699995261705790.0,1.833532691001892,-0.40562739968299866,-1.5868825912475586
1699995261747143.0,1.8333898782730103,-0.4145078659057617,-1.584789514541626
1699995261787658.0,1.8332648277282715,-0.4234475791454315,-1.583187222480774
1699995261828161.0,1.833154559135437,-0.4323485195636749,-1.5810502767562866
1699995261868648.0,1.833065390586853,-0.4410451352596283,-1.5805158615112305
1699995261909290.0,1.8329832553863525,-0.4495013952255249,-1.5794509649276733
1699995261949820.0,1.8329135179519653,-0.45756542682647705,-1.5794509649276733
1699995261990316.0,1.832847237586975,-0.46522021293640137,-1.5794509649276733
1699995262031702.0,1.832783818244934,-0.4725475609302521,-1.5804966688156128
1699995262072205.0,1.832716464996338,-0.4794938266277313,-1.5810309648513794
1699995262112825.0,1.832648515701294,-0.4861297309398651,-1.5820963382720947
1699995262150839.0,1.8325718641281128,-0.4929102659225464,-1.5826655626296997
1699995262191347.0,1.8325003385543823,-0.4989405870437622,-1.5831997394561768
1699995262231839.0,1.8324291706085205,-0.5046820044517517,-1.5831997394561768
1699995262272344.0,1.8323620557785034,-0.5100888609886169,-1.5853365659713745
1699995262312987.0,1.832284927368164,-0.5153943300247192,-1.5853365659713745
1699995262353518.0,1.8322142362594604,-0.5202572345733643,-1.5880059003829956
1699995262395069.0,1.83213472366333,-0.5248789191246033,-1.5890474319458008
1699995262435558.0,1.8320542573928833,-0.5292889475822449,-1.591185212135315
1699995262476053.0,1.8319668769836426,-0.5335733294487,-1.5917195081710815
1699995262516697.0,1.8318836688995361,-0.5375518798828125,-1.5938490629196167
1699995262557223.0,1.831863522529602,-0.5384246706962585,-1.5954508781433105
1699995262597716.0,1.8318368196487427,-0.5395061373710632,-1.5772820711135864
1699995262638207.0,1.8318300247192383,-0.5405463576316833,-1.5468209981918335
1699995262678695.0,1.8318370580673218,-0.5408375859260559,-1.5152888298034668
1699995262720387.0,1.831830382347107,-0.5407165288925171,-1.4857052564620972
1699995262760901.0,1.831830382347107,-0.5407165288925171,-1.4557955265045166
1699995262801397.0,1.831830382347107,-0.5407165288925171,-1.4269412755966187
1699995262841889.0,1.8318244218826294,-0.5406753420829773,-1.396480917930603
1699995262882370.0,1.8318099975585938,-0.5405933856964111,-1.368685007095337
1699995262922978.0,1.8318266868591309,-0.5406746864318848,-1.3409759998321533
1699995262963487.0,1.8318456411361694,-0.5407556891441345,-1.3121309280395508
1699995263003985.0,1.8318243026733398,-0.5406752824783325,-1.2832781076431274
1699995263044489.0,1.8318243026733398,-0.5406752824783325,-1.255497932434082
1699995263084979.0,1.8317985534667969,-0.5405961871147156,-1.2277082204818726
1699995263126530.0,1.8317985534667969,-0.5405961871147156,-1.2006280422210693
1699995263166236.0,1.8317677974700928,-0.5405170917510986,-1.1733795404434204
1699995263206736.0,1.8317517042160034,-0.5404787063598633,-1.146130919456482
1699995263247234.0,1.831700325012207,-0.5403649806976318,-1.1188809871673584
1699995263287721.0,1.8316094875335693,-0.5401778221130371,-1.0926926136016846
1699995263328336.0,1.8315331935882568,-0.5400304794311523,-1.0660539865493774
1699995263368870.0,1.8314930200576782,-0.5399577021598816,-1.0393620729446411
1699995263409372.0,1.8313876390457153,-0.5397784113883972,-1.0121148824691772
1699995263450789.0,1.8312151432037354,-0.5395024418830872,-0.9880818724632263
1699995263491272.0,1.8310548067092896,-0.5392591953277588,-0.9640288949012756
1699995263531901.0,1.8308656215667725,-0.5389866828918457,-0.9395297765731812
1699995263572423.0,1.8307429552078247,-0.5388188362121582,-0.9133639931678772
1699995263612908.0,1.8305649757385254,-0.5385882258415222,-0.8861052989959717
1699995263653391.0,1.830459713935852,-0.538459300994873,-0.8583107590675354
1699995263693889.0,1.8330976963043213,-0.5415130257606506,-0.8406784534454346
1699995263734512.0,1.836527705192566,-0.5453448295593262,-0.8140450716018677
1699995263775029.0,1.8412667512893677,-0.5503635406494141,-0.7841376066207886
1699995263815523.0,1.8467457294464111,-0.5558286905288696,-0.7531444430351257
1699995263857155.0,1.8527979850769043,-0.5615026354789734,-0.7203996777534485
1699995263897648.0,1.859208106994629,-0.5671293139457703,-0.6867338418960571
1699995263938261.0,1.865816593170166,-0.5725473761558533,-0.6537002921104431
1699995263978792.0,1.8726801872253418,-0.5778052806854248,-0.6195321679115295
1699995264019293.0,1.879792332649231,-0.5828776955604553,-0.5864072442054749
1699995264059781.0,1.8869322538375854,-0.5876212120056152,-0.5532717108726501
1699995264100271.0,1.8943312168121338,-0.5921909809112549,-0.5196033716201782
1699995264141717.0,1.9020233154296875,-0.5965911149978638,-0.4851453900337219
1699995264182250.0,1.9096713066101074,-0.6006228923797607,-0.4531143307685852
1699995264222762.0,1.9174859523773193,-0.6044278740882874,-0.42053255438804626
1699995264263250.0,1.9255770444869995,-0.608046293258667,-0.386862576007843
1699995264303749.0,1.933667540550232,-0.6113423109054565,-0.3526674509048462
1699995264344384.0,1.9418774843215942,-0.6143640279769897,-0.31911927461624146
1699995264384894.0,1.950249195098877,-0.6171301603317261,-0.2849334180355072
1699995264425402.0,1.958511471748352,-0.6195502281188965,-0.2512800693511963
1699995264465897.0,1.9667725563049316,-0.6216709017753601,-0.22189071774482727
1699995264507588.0,1.9750114679336548,-0.6235296130180359,-0.19438251852989197
1699995264548239.0,1.983225703239441,-0.625146746635437,-0.16989666223526
1699995264588762.0,1.991380214691162,-0.6265456676483154,-0.14693540334701538
1699995264629256.0,1.9995704889297485,-0.6277578473091125,-0.12609516084194183
1699995264669752.0,2.0076186656951904,-0.6287781000137329,-0.1073933094739914
1699995264710253.0,2.0157663822174072,-0.6296564936637878,-0.09083085507154465
1699995264750860.0,2.0239062309265137,-0.6303978562355042,-0.07537738978862762
1699995264791385.0,2.0321974754333496,-0.6310240030288696,-0.06149452552199364
1699995264832925.0,2.0405771732330322,-0.6315399408340454,-0.04638815298676491
1699995264873422.0,2.0489718914031982,-0.6319296360015869,-0.03356434404850006
1699995264913922.0,2.0577027797698975,-0.6322227716445923,-0.021810051053762436
1699995264954550.0,2.066284656524658,-0.6324099898338318,-0.010625398717820644
1699995264995073.0,2.074890375137329,-0.6325014233589172,0.0005882382392883301
1699995265035572.0,2.0835015773773193,-0.6324963569641113,0.010739915072917938
1699995265076062.0,2.092114210128784,-0.6324038505554199,0.02089385688304901
1699995265116554.0,2.1008083820343018,-0.6322221755981445,0.029978513717651367
1699995265159775.0,2.108912706375122,-0.6319791674613953,0.036987606436014175
1699995265201356.0,2.1176180839538574,-0.6316570043563843,0.043752752244472504
1699995265241855.0,2.126221179962158,-0.6312803626060486,0.048561446368694305
1699995265282347.0,2.1348652839660645,-0.6308602690696716,0.0528365783393383
1699995265322854.0,2.1435458660125732,-0.6304011940956116,0.05657593533396721
1699995265363469.0,2.152243137359619,-0.6299086213111877,0.05977257341146469
1699995265404051.0,2.1609044075012207,-0.629390299320221,0.06243860349059105
1699995265444574.0,2.1697428226470947,-0.6288377046585083,0.06404054909944534
1699995265485062.0,2.1783387660980225,-0.6282864809036255,0.06671277433633804
1699995265526735.0,2.1869711875915527,-0.6277097463607788,0.06671277433633804
1699995265567348.0,2.195704698562622,-0.6271262168884277,0.06724557280540466
1699995265607952.0,2.2042744159698486,-0.6265490651130676,0.06671266257762909
1699995265648485.0,2.213066816329956,-0.6259616613388062,0.06671266257762909
1699995265688991.0,2.221574544906616,-0.625393271446228,0.0683152824640274
1699995265729475.0,2.2301690578460693,-0.624805212020874,0.06884977966547012
1699995265769968.0,2.2387197017669678,-0.6242155432701111,0.06778102368116379
1699995265810585.0,2.247286319732666,-0.6236339807510376,0.06618277728557587
1699995265851093.0,2.255793809890747,-0.6230701208114624,0.06458023935556412
1699995265891586.0,2.264430046081543,-0.622511625289917,0.06458023935556412
1699995265932855.0,2.2726593017578125,-0.6219794154167175,0.06562890112400055
1699995265973349.0,2.280755043029785,-0.6214473247528076,0.06616327166557312
1699995266013982.0,2.2883262634277344,-0.6209456324577332,0.06669580936431885
1699995266054501.0,2.29575252532959,-0.6204496026039124,0.0693659856915474
1699995266094992.0,2.3026845455169678,-0.6199679970741272,0.07524443417787552
1699995266134568.0,2.309349298477173,-0.6194655895233154,0.08016527444124222
1699995266175061.0,2.3155288696289062,-0.6189691424369812,0.08497467637062073
1699995266215684.0,2.3213555812835693,-0.6184728145599365,0.08870335668325424
1699995266256199.0,2.326988697052002,-0.6179718375205994,0.09297606348991394
1699995266296701.0,2.332207441329956,-0.6174852252006531,0.09725014120340347
1699995266337786.0,2.337064266204834,-0.6170114278793335,0.10304360091686249
1699995266378271.0,2.342031478881836,-0.6164977550506592,0.10625050216913223
1699995266418889.0,2.346609592437744,-0.6160094738006592,0.10784870386123657
1699995266459404.0,2.3511571884155273,-0.6155170798301697,0.1067805290222168
1699995266499910.0,2.355417013168335,-0.6150605082511902,0.10517790913581848
1699995266540486.0,2.359628915786743,-0.6146158576011658,0.1030447706580162
1699995266580980.0,2.363560438156128,-0.6142092943191528,0.10037294775247574
1699995266621611.0,2.3672735691070557,-0.613835334777832,0.09717756509780884
1699995266662144.0,2.36801815032959,-0.6137627363204956,0.09610986709594727
1699995266702638.0,2.36917781829834,-0.613650918006897,0.11427827924489975
1699995266744152.0,2.3700647354125977,-0.6135491132736206,0.14555242657661438
1699995266784643.0,2.369941234588623,-0.6135672330856323,0.17280706763267517
1699995266825273.0,2.3701045513153076,-0.6135387420654297,0.20369648933410645
1699995266866629.0,2.3701844215393066,-0.6135222315788269,0.23509010672569275
1699995266908154.0,2.370105504989624,-0.6135411262512207,0.2673981487751007
1699995266949689.0,2.3701837062835693,-0.6135196685791016,0.2986564636230469
1699995266990185.0,2.3702235221862793,-0.6135074496269226,0.32911378145217896
1699995267030811.0,2.3703413009643555,-0.6134672164916992,0.36053887009620667
1699995267071344.0,2.370380163192749,-0.6134525537490845,0.3920360803604126
1699995267111845.0,2.3704185485839844,-0.6134366393089294,0.42248961329460144
1699995267152209.0,2.3704185485839844,-0.6134366393089294,0.4546547830104828
1699995267193710.0,2.3704915046691895,-0.6134009957313538,0.4859387278556824
1699995267234334.0,2.3705649375915527,-0.6133622527122498,0.516832709312439
1699995267274854.0,2.3705649375915527,-0.6133622527122498,0.5478060245513916
1699995267315357.0,2.370635986328125,-0.613318920135498,0.5787923336029053
1699995267355840.0,2.370670795440674,-0.6132961511611938,0.6113974452018738
1699995267396329.0,2.3707730770111084,-0.6132245063781738,0.6429288983345032
1699995267436952.0,2.3707399368286133,-0.6132493615150452,0.6732909679412842
1699995267477473.0,2.3707075119018555,-0.6132752895355225,0.703729510307312
1699995267519047.0,2.3739826679229736,-0.6104957461357117,0.7245488166809082
1699995267559546.0,2.378094434738159,-0.6068561673164368,0.753400981426239
1699995267600039.0,2.3830106258392334,-0.6022449731826782,0.7822574377059937
1699995267640676.0,2.388451099395752,-0.5968385338783264,0.812609076499939
1699995267681200.0,2.3939969539642334,-0.5909823179244995,0.844647228717804
1699995267721705.0,2.39943790435791,-0.584855318069458,0.8761662244796753
1699995267762188.0,2.4047391414642334,-0.5784925222396851,0.9077023267745972
1699995267802684.0,2.409886598587036,-0.5719022750854492,0.9392282962799072
1699995267843311.0,2.414783477783203,-0.5652082562446594,0.9701200127601624
1699995267884985.0,2.419581890106201,-0.5582045912742615,1.0012741088867188
1699995267925476.0,2.4240915775299072,-0.5511612892150879,1.032804012298584
1699995267965969.0,2.4283981323242188,-0.5439440011978149,1.063797950744629
1699995268006466.0,2.432539224624634,-0.5364882946014404,1.0963917970657349
1699995268047085.0,2.4364235401153564,-0.5289244055747986,1.129953145980835
1699995268087616.0,2.440077304840088,-0.5211801528930664,1.1619857549667358
1699995268128127.0,2.4434828758239746,-0.5133189558982849,1.1951024532318115
1699995268169989.0,2.44655442237854,-0.5055316686630249,1.2271504402160645
1699995268211633.0,2.4494714736938477,-0.4973801374435425,1.2593661546707153
1699995268252245.0,2.4521536827087402,-0.48904791474342346,1.291867733001709
1699995268292782.0,2.4545681476593018,-0.48061737418174744,1.3265646696090698
1699995268333283.0,2.4566502571105957,-0.47226202487945557,1.359155297279358
1699995268373761.0,2.45847749710083,-0.46375709772109985,1.389626145362854
1699995268414243.0,2.460059642791748,-0.45511943101882935,1.4179558753967285
1699995268454880.0,2.461378812789917,-0.4465554654598236,1.4429826736450195
1699995268495408.0,2.4625022411346436,-0.4378143548965454,1.466475009918213
1699995268535916.0,2.463411808013916,-0.42912766337394714,1.4867738485336304
1699995268577510.0,2.4641358852386475,-0.4205304682254791,1.503941535949707
1699995268618010.0,2.464719533920288,-0.4118140935897827,1.5199700593948364
1699995268658638.0,2.465153455734253,-0.40328261256217957,1.5338177680969238
1699995268699162.0,2.4654715061187744,-0.39468249678611755,1.546099066734314
1699995268739662.0,2.465684175491333,-0.386074036359787,1.5562504529953003
1699995268780167.0,2.465808153152466,-0.37754809856414795,1.5664006471633911
1699995268820662.0,2.465845823287964,-0.3689776360988617,1.5749502182006836
1699995268861280.0,2.465810775756836,-0.3605160713195801,1.5813430547714233
1699995268902782.0,2.4657208919525146,-0.35199156403541565,1.5886424779891968
1699995268943280.0,2.4655709266662598,-0.3435893952846527,1.5939855575561523
1699995268983777.0,2.4653701782226562,-0.3349383771419525,1.5993287563323975
1699995269024278.0,2.4651269912719727,-0.32641416788101196,1.605205774307251
1699995269064917.0,2.4648261070251465,-0.31767186522483826,1.61106276512146
1699995269105452.0,2.464474678039551,-0.30895060300827026,1.616400957107544
1699995269144506.0,2.4640636444091797,-0.2999437749385834,1.6224956512451172
1699995269184996.0,2.463616371154785,-0.291300505399704,1.6278398036956787
1699995269225480.0,2.463129997253418,-0.2827831208705902,1.6326502561569214
1699995269266110.0,2.462599515914917,-0.2742159962654114,1.6374434232711792
1699995269307608.0,2.4620234966278076,-0.26558759808540344,1.6410934925079346
1699995269348124.0,2.4614100456237793,-0.25687670707702637,1.6453660726547241
1699995269388612.0,2.460771322250366,-0.24832849204540253,1.6485726833343506
1699995269429113.0,2.4600989818573,-0.23970216512680054,1.6517783403396606
1699995269469735.0,2.4594011306762695,-0.23110373318195343,1.652843713760376
1699995269510250.0,2.4586853981018066,-0.2224004566669464,1.6549800634384155
1699995269550750.0,2.4579508304595947,-0.2136954963207245,1.6560486555099487
1699995269591239.0,2.4572103023529053,-0.2050304263830185,1.6565830707550049
1699995269632572.0,2.456455945968628,-0.19625839591026306,1.6576300859451294
1699995269673188.0,2.4557077884674072,-0.18766291439533234,1.6576300859451294
1699995269713708.0,2.4549577236175537,-0.17904707789421082,1.6576300859451294
1699995269754206.0,2.454221725463867,-0.17059233784675598,1.6576300859451294
1699995269794694.0,2.453514337539673,-0.16246715188026428,1.6554923057556152
1699995269835195.0,2.452852725982666,-0.1546746790409088,1.654423713684082
1699995269875813.0,2.452225685119629,-0.1471932828426361,1.6538909673690796
1699995269916337.0,2.4516425132751465,-0.14019137620925903,1.6533570289611816
1699995269956830.0,2.4510867595672607,-0.13347405195236206,1.6522883176803589
1699995269998484.0,2.4505631923675537,-0.1270643174648285,1.6517688035964966
1699995270038971.0,2.4500784873962402,-0.12109170109033585,1.6517688035964966
1699995270079601.0,2.4496090412139893,-0.11530542373657227,1.6496385335922241
1699995270120132.0,2.4491703510284424,-0.10975265502929688,1.6496385335922241
1699995270160042.0,2.448758125305176,-0.1045343205332756,1.6474697589874268
1699995270200544.0,2.448375701904297,-0.0995572954416275,1.646401286125183
1699995270241034.0,2.448014259338379,-0.09478583931922913,1.645866870880127
1699995270281658.0,2.447681427001953,-0.09036077558994293,1.6463994979858398
1699995270323384.0,2.447355031967163,-0.08605275303125381,1.6469180583953857
1699995270363890.0,2.4470481872558594,-0.08202987909317017,1.6474522352218628
1699995270404380.0,2.446742296218872,-0.07804707437753677,1.648521065711975
1699995270444861.0,2.44644832611084,-0.07427117973566055,1.6490556001663208
1699995270485508.0,2.4463932514190674,-0.07356870174407959,1.6495879888534546
1699995270526037.0,2.446308135986328,-0.07249124348163605,1.6314352750778198
1699995270566545.0,2.4462578296661377,-0.07166094332933426,1.6004527807235718
1699995270607046.0,2.446256637573242,-0.07161936163902283,1.5721362829208374
1699995270647538.0,2.446256637573242,-0.07170257717370987,1.542210340499878
1699995270688162.0,2.4462554454803467,-0.07174403220415115,1.5107836723327637
1699995270728689.0,2.4462530612945557,-0.07178553193807602,1.4803496599197388
1699995270770047.0,2.4462530612945557,-0.07178553193807602,1.4479111433029175
1699995270810538.0,2.446258068084717,-0.07174423336982727,1.4174500703811646
1699995270851029.0,2.446258068084717,-0.07174423336982727,1.3875234127044678
1699995270892419.0,2.446258068084717,-0.07174423336982727,1.3561556339263916
1699995270932959.0,2.446258068084717,-0.07174423336982727,1.3262650966644287
1699995270974315.0,2.4462382793426514,-0.07182328402996063,1.2959178686141968
1699995271014804.0,2.4462270736694336,-0.0718633309006691,1.2675930261611938
1699995271055406.0,2.4462146759033203,-0.07190293073654175,1.2382811307907104
1699995271096044.0,2.446174144744873,-0.07202049344778061,1.2100601196289062
1699995271139564.0,2.4461467266082764,-0.0720929354429245,1.1832107305526733
1699995271180059.0,2.4460995197296143,-0.07220849394798279,1.1548900604248047
1699995271220560.0,2.4460995197296143,-0.07220849394798279,1.1260393857955933
1699995271261049.0,2.446027994155884,-0.07235874235630035,1.0961112976074219
1699995271302524.0,2.445990800857544,-0.07243100553750992,1.0668946504592896
1699995271343058.0,2.445950746536255,-0.07250380516052246,1.0369997024536133
1699995271383558.0,2.445908308029175,-0.07257542759180069,1.0081483125686646
1699995271424049.0,2.445863962173462,-0.07264581322669983,0.9771528244018555
1699995271464534.0,2.4457476139068604,-0.07281828671693802,0.9466872215270996
1699995271505171.0,2.445723295211792,-0.07285193353891373,0.9152706265449524
1699995271545708.0,2.4456472396850586,-0.07295077294111252,0.8848441243171692
1699995271586221.0,2.4455418586730957,-0.07307949662208557,0.8538655042648315
1699995271627668.0,2.4482929706573486,-0.06992334127426147,0.8345485925674438
1699995271668164.0,2.451812982559204,-0.06603901088237762,0.8067629933357239
1699995271708785.0,2.4564614295959473,-0.061187513172626495,0.7769321203231812
1699995271749324.0,2.4618844985961914,-0.055855415761470795,0.7454395890235901
1699995271789810.0,2.4677553176879883,-0.050435930490493774,0.7123023867607117
1699995271830302.0,2.473958969116211,-0.04507873207330704,0.679704487323761
1699995271870794.0,2.480431079864502,-0.03984811529517174,0.6455034017562866
1699995271911407.0,2.4871909618377686,-0.03475695848464966,0.6124698519706726
1699995271951930.0,2.4940288066864014,-0.029952744022011757,0.5788289308547974
1699995271992414.0,2.5012052059173584,-0.025263000279664993,0.5446211099624634
1699995272033983.0,2.5085196495056152,-0.020832378417253494,0.5118266940116882
1699995272074476.0,2.516101121902466,-0.016573430970311165,0.47709211707115173
1699995272115106.0,2.5237998962402344,-0.012593802064657211,0.4446049630641937
1699995272150299.0,2.532702922821045,-0.00835224986076355,0.4077136814594269
1699995272190818.0,2.5407190322875977,-0.004889991600066423,0.3756715655326843
1699995272231294.0,2.5487730503082275,-0.0017134579829871655,0.3425261974334717
1699995272271786.0,2.556807041168213,0.001151352422311902,0.31206589937210083
1699995272313556.0,2.564983367919922,0.0037890959065407515,0.2825375497341156
1699995272354093.0,2.5732054710388184,0.0061760349199175835,0.2526448369026184
1699995272394602.0,2.5816218852996826,0.008348828181624413,0.2243339717388153
1699995272435106.0,2.590056896209717,0.010273491963744164,0.19762231409549713
1699995272475590.0,2.598626136779785,0.01198936253786087,0.1741044521331787
1699995272516215.0,2.6071627140045166,0.013490808196365833,0.15120084583759308
1699995272556744.0,2.6157517433166504,0.014799452386796474,0.1303786039352417
1699995272597235.0,2.6243741512298584,0.015930045396089554,0.11167444288730621
1699995272637727.0,2.632974624633789,0.016894513741135597,0.09457391500473022
1699995272678222.0,2.641713857650757,0.017723500728607178,0.07907770574092865
1699995272719508.0,2.6503379344940186,0.018406905233860016,0.0644025057554245
1699995272760043.0,2.659172534942627,0.018976669758558273,0.052124544978141785
1699995272800543.0,2.667813539505005,0.019427483901381493,0.04037025198340416
1699995272841037.0,2.6765851974487305,0.019781790673732758,0.030217314139008522
1699995272881536.0,2.6854419708251953,0.020049503073096275,0.018997032195329666
1699995272922186.0,2.6941440105438232,0.020214837044477463,0.011544630862772465
1699995272962709.0,2.702791213989258,0.020314671099185944,0.003000912256538868
1699995273003223.0,2.7115657329559326,0.02034100331366062,-0.005010609515011311
1699995273044774.0,2.720283269882202,0.020297322422266006,-0.01282217912375927
1699995273085276.0,2.729017972946167,0.02018531784415245,-0.020301811397075653
1699995273125908.0,2.737765073776245,0.02000770904123783,-0.027224967256188393
1699995273169737.0,2.7458343505859375,0.019787967205047607,-0.03117460198700428
1699995273210232.0,2.7544422149658203,0.01951953023672104,-0.037052471190690994
1699995273250718.0,2.7631335258483887,0.01919734664261341,-0.04186270758509636
1699995273291209.0,2.771780490875244,0.018835145980119705,-0.047206755727529526
1699995273331824.0,2.780482053756714,0.018424073234200478,-0.05146893858909607
1699995273372359.0,2.7891159057617188,0.01797930896282196,-0.05467188358306885
1699995273414007.0,2.797759771347046,0.017506254836916924,-0.05675011873245239
1699995273454490.0,2.806318998336792,0.01701999083161354,-0.05995717644691467
1699995273494978.0,2.8150417804718018,0.01649636961519718,-0.06102606654167175
1699995273535603.0,2.8237345218658447,0.01596522331237793,-0.06209135055541992
1699995273576133.0,2.8325300216674805,0.01541839074343443,-0.06209135055541992
1699995273616636.0,2.8412485122680664,0.014876356348395348,-0.06102285906672478
1699995273657129.0,2.8499696254730225,0.01434350572526455,-0.06102285906672478
1699995273697621.0,2.8585662841796875,0.013818254694342613,-0.06155724823474884
1699995273739259.0,2.8672492504119873,0.013283078558743,-0.061037562787532806
1699995273779780.0,2.875798463821411,0.012760613113641739,-0.062105584889650345
1699995273820275.0,2.8841865062713623,0.012239004485309124,-0.0631742924451828
1699995273860776.0,2.8921990394592285,0.011732147075235844,-0.06370856612920761
1699995273901263.0,2.8998403549194336,0.011244675144553185,-0.06370856612920761
1699995273941883.0,2.9071667194366455,0.010777284391224384,-0.06530668586492538
1699995273982407.0,2.914219379425049,0.010316042229533195,-0.06530668586492538
1699995274022919.0,2.920900583267212,0.009879089891910553,-0.06584081053733826
1699995274063410.0,2.9272944927215576,0.009457503445446491,-0.06690961867570877
1699995274105070.0,2.9334278106689453,0.00904651265591383,-0.06794843822717667
1699995274146508.0,2.9389851093292236,0.008668322116136551,-0.06847063452005386
1699995274187035.0,2.9446256160736084,0.008281507529318333,-0.06847063452005386
1699995274227534.0,2.949855089187622,0.007922887802124023,-0.06953923404216766
1699995274268030.0,2.9548354148864746,0.007575997617095709,-0.07060790807008743
1699995274308538.0,2.9595649242401123,0.007241494953632355,-0.07274463027715683
1699995274349159.0,2.9640324115753174,0.006915932521224022,-0.07381001859903336
1699995274389671.0,2.9682626724243164,0.006603122688829899,-0.0748782753944397
1699995274431256.0,2.972221851348877,0.006306104827672243,-0.07591896504163742
1699995274471747.0,2.976038932800293,0.006015765946358442,-0.07805658131837845
1699995274512241.0,2.979523181915283,0.0057432446628808975,-0.079125314950943
1699995274552876.0,2.98299503326416,0.005467958748340607,-0.08019033819437027
1699995274593398.0,2.986268997192383,0.005204849876463413,-0.08179232478141785
1699995274633912.0,2.9892945289611816,0.0049568284302949905,-0.08232642710208893
1699995274674397.0,2.992114782333374,0.004724123049527407,-0.08339539170265198
1699995274714894.0,2.994933843612671,0.004488472826778889,-0.08446404337882996
1699995274755513.0,2.997537612915039,0.004268023185431957,-0.0849967673420906
1699995274796043.0,3.0000641345977783,0.0040527572855353355,-0.08659844100475311
1699995274837790.0,3.0023558139801025,0.003853800008073449,-0.0871167704463005
1699995274878382.0,3.0045886039733887,0.0036587936338037252,-0.08818291872739792
1699995274918877.0,3.0067851543426514,0.0034645982086658478,-0.08978597074747086
1699995274959497.0,3.0088093280792236,0.003282366320490837,-0.09031867980957031
1699995275000015.0,3.0106728076934814,0.0031135964673012495,-0.09192082285881042
1699995275040521.0,3.0125365257263184,0.0029417905025184155,-0.09245502948760986
1699995275081024.0,3.014234781265259,0.002784337382763624,-0.09192078560590744
1699995275121512.0,3.015892267227173,0.0026315529830753803,-0.09298967570066452
1699995275163670.0,3.017364501953125,0.0024942520540207624,-0.0935029461979866
1699995275204211.0,3.0188541412353516,0.002354569034650922,-0.09457043558359146
1699995275244719.0,3.0202205181121826,0.002224963391199708,-0.09510461986064911
1699995275285215.0,3.0214216709136963,0.002110392088070512,-0.09563896059989929
1699995275325720.0,3.0226223468780518,0.0019952047150582075,-0.09510473906993866
1699995275366351.0,3.0238194465637207,0.0018810139736160636,-0.09563729912042618
1699995275406877.0,3.0249366760253906,0.0017738279420882463,-0.09510335326194763
1699995275447398.0,3.026012897491455,0.0016711736097931862,-0.09510335326194763
1699995275488886.0,3.0270638465881348,0.001570911961607635,-0.09510335326194763
1699995275529382.0,3.0279335975646973,0.0014879476511850953,-0.09456901252269745
1699995275569993.0,3.0288009643554688,0.0014056817162781954,-0.09403618425130844
1699995275610531.0,3.0295870304107666,0.0013315355172380805,-0.09456996619701385
1699995275651041.0,3.030332326889038,0.0012608453398570418,-0.09563827514648438
1699995275691525.0,3.031036615371704,0.0011932870838791132,-0.09510377794504166
1699995275732014.0,3.030953884124756,0.0012011898215860128,-0.08441516011953354
1699995275772586.0,3.0306642055511475,0.0012256985064595938,-0.07108171284198761
1699995275814102.0,3.0307047367095947,0.0012228162959218025,-0.06117871403694153
1699995275854622.0,3.0306217670440674,0.001227900618687272,-0.053702402859926224
1699995275895119.0,3.0304555892944336,0.0012368329335004091,-0.04729049652814865
1699995275935604.0,3.0302894115448,0.001244701910763979,-0.04301462695002556
1699995275976091.0,3.0302894115448,0.001244701910763979,-0.04301462695002556
1699995276016715.0,3.0302894115448,0.001244701910763979,-0.04301462695002556
1699995276057235.0,3.0302894115448,0.001244701910763979,-0.04301462695002556
1699995276097725.0,3.0302894115448,0.001244701910763979,-0.04301462695002556
1699995276136789.0,3.0302894115448,0.001244701910763979,-0.04301462695002556
1699995276177278.0,3.0302894115448,0.001244701910763979,-0.04301462695002556
1699995276218924.0,3.0302894115448,0.001244701910763979,-0.04301462695002556
1699995276259437.0,3.0302894115448,0.001244701910763979,-0.04301462695002556
1699995276299910.0,3.0302894115448,0.001244701910763979,-0.04301462695002556
1699995276340399.0,3.0302894115448,0.001244701910763979,-0.04301462695002556
1699995276380886.0,3.0302894115448,0.001244701910763979,-0.04301462695002556
1699995276421498.0,3.0302894115448,0.001244701910763979,-0.04301462695002556
1699995276462026.0,3.0302894115448,0.001244701910763979,-0.04301462695002556
1699995276502525.0,3.0302894115448,0.001244701910763979,-0.04301462695002556
1699995276543833.0,3.0302894115448,0.001244701910763979,-0.04301462695002556
1699995276584328.0,3.0302894115448,0.001244701910763979,-0.04301462695002556
1699995276624937.0,3.0302894115448,0.001244701910763979,-0.04301462695002556
1699995276665455.0,3.0302894115448,0.001244701910763979,-0.04301462695002556
1699995276705943.0,3.0302894115448,0.001244701910763979,-0.04301462695002556
1699995276746441.0,3.0302894115448,0.001244701910763979,-0.04301462695002556
1699995276786929.0,3.0302894115448,0.001244701910763979,-0.04301462695002556
1699995276827545.0,3.0302894115448,0.001244701910763979,-0.04301462695002556
1699995276868066.0,3.0302894115448,0.001244701910763979,-0.04301462695002556
1699995276908561.0,3.0302894115448,0.001244701910763979,-0.04301462695002556
1699995276950008.0,3.0302894115448,0.001244701910763979,-0.04301462695002556
1699995276990491.0,3.0302894115448,0.001244701910763979,-0.04301462695002556
1699995277031107.0,3.0302894115448,0.001244701910763979,-0.04301462695002556
1699995277071621.0,3.0302894115448,0.001244701910763979,-0.04301462695002556
1699995277112104.0,3.0302894115448,0.001244701910763979,-0.04301462695002556
1699995277151466.0,3.0302894115448,0.001244701910763979,-0.04301462695002556
1699995277191950.0,3.0302894115448,0.001244701910763979,-0.04301462695002556
1699995277232564.0,3.0302894115448,0.001244701910763979,-0.04301462695002556
1699995277273949.0,3.0302894115448,0.001244701910763979,-0.04301462695002556
1699995277314445.0,3.0302894115448,0.001244701910763979,-0.04301462695002556
1699995277354924.0,3.0302894115448,0.001244701910763979,-0.04301462695002556
1699995277395406.0,3.0302894115448,0.001244701910763979,-0.04301462695002556
1699995277436035.0,3.0302894115448,0.001244701910763979,-0.04301462695002556
1699995277476546.0,3.0302894115448,0.001244701910763979,-0.04301462695002556
1699995277517030.0,3.0302894115448,0.001244701910763979,-0.04301462695002556
1699995277557526.0,3.0302894115448,0.001244701910763979,-0.04301462695002556
1699995277598015.0,3.0302894115448,0.001244701910763979,-0.04301462695002556
